Watching for file changes with StatReloader
[23/May/2026 20:56:45] "GET / HTTP/1.1" 200 37376
Not Found: /favicon.ico
[23/May/2026 20:56:47] "GET /favicon.ico HTTP/1.1" 404 4232
[23/May/2026 20:59:24] code 400, message Bad request version ('&C4"2Ã')
[23/May/2026 20:59:24] You're accessing the development server over HTTPS, but it only supports HTTP.
[23/May/2026 20:59:24] code 400, message Bad HTTP/0.9 request type ('\x16\x03\x01\x07\x00\x01\x00\x06ü\x03\x03nSjÇ;D§ëw\x80@§\x08')
[23/May/2026 20:59:24] You're accessing the development server over HTTPS, but it only supports HTTP.
[23/May/2026 20:59:26] "GET / HTTP/1.1" 200 37376
Not Found: /favicon.ico
[23/May/2026 20:59:26] "GET /favicon.ico HTTP/1.1" 404 4232
[23/May/2026 20:59:29] "GET /players HTTP/1.1" 301 0
[23/May/2026 20:59:29] "GET /players/ HTTP/1.1" 200 73402
[23/May/2026 20:59:36] "GET /player/Harsha HTTP/1.1" 200 62456
[23/May/2026 20:59:46,230] - Broken pipe from ('101.0.62.202', 9166)
[23/May/2026 20:59:46,230] - Broken pipe from ('101.0.62.202', 9176)
[23/May/2026 21:01:51,079] - Broken pipe from ('49.37.241.40', 45432)
[23/May/2026 21:02:17,681] - Broken pipe from ('101.0.62.202', 9110)
[23/May/2026 21:02:17,682] - Broken pipe from ('101.0.62.202', 9190)
[23/May/2026 21:02:35,117] - Broken pipe from ('101.0.62.202', 9128)
[23/May/2026 21:02:35,117] - Broken pipe from ('101.0.62.202', 9028)
[23/May/2026 21:02:42] "GET / HTTP/1.1" 200 37376
Not Found: /favicon.ico
[23/May/2026 21:02:43] "GET /favicon.ico HTTP/1.1" 404 4232
[23/May/2026 21:02:45] "GET /create_game HTTP/1.1" 301 0
[23/May/2026 21:02:45] "GET /create_game/ HTTP/1.1" 302 0
[23/May/2026 21:02:45] "GET /login/ HTTP/1.1" 200 33528
[23/May/2026 21:02:48] "GET /matches HTTP/1.1" 301 0
[23/May/2026 21:02:49] "GET /matches/ HTTP/1.1" 200 41812
[23/May/2026 21:02:53] "GET /players HTTP/1.1" 301 0
[23/May/2026 21:02:53] "GET /players/ HTTP/1.1" 200 73402
[23/May/2026 21:03:03,014] - Broken pipe from ('101.0.62.202', 9080)
[23/May/2026 21:03:03,015] - Broken pipe from ('101.0.62.202', 9120)
[23/May/2026 21:03:29] "GET /player/Karthik HTTP/1.1" 200 62438
[23/May/2026 21:03:48,671] - Broken pipe from ('49.37.241.40', 45728)
[23/May/2026 21:04:20] "GET /matches HTTP/1.1" 301 0
[23/May/2026 21:04:20] "GET /matches/ HTTP/1.1" 200 41812
[23/May/2026 21:04:23] "GET /players/ HTTP/1.1" 200 73402
[23/May/2026 21:04:29] "GET /players HTTP/1.1" 301 0
[23/May/2026 21:04:30] "GET /players/ HTTP/1.1" 200 73402
[23/May/2026 21:04:32] "GET /player/Ravi HTTP/1.1" 200 62475
[23/May/2026 21:05:28,259] - Broken pipe from ('101.0.62.202', 9128)
[23/May/2026 21:05:28,259] - Broken pipe from ('101.0.62.202', 9196)
[23/May/2026 21:05:43] "GET /matches/ HTTP/1.1" 200 41812
[23/May/2026 21:05:45] "GET /matches/ HTTP/1.1" 200 41812
[23/May/2026 21:05:46] "GET /game/20260510_121308_6gJsca HTTP/1.1" 200 68056
[23/May/2026 21:05:47] "GET /game_details/20260510_121308_6gJsca HTTP/1.1" 200 4091
[23/May/2026 21:05:53,908] - Broken pipe from ('101.0.62.202', 9014)
[23/May/2026 21:05:53,908] - Broken pipe from ('101.0.62.202', 9142)
[23/May/2026 21:48:06] "GET / HTTP/1.1" 200 37376
Not Found: /favicon.ico
[23/May/2026 21:48:09] "GET /favicon.ico HTTP/1.1" 404 4232
[23/May/2026 21:48:14] "GET /login HTTP/1.1" 301 0
[23/May/2026 21:48:14] "GET /login/ HTTP/1.1" 200 33528
[23/May/2026 21:48:25] "POST /login/ HTTP/1.1" 302 0
[23/May/2026 21:48:25] "GET /create_game HTTP/1.1" 301 0
[23/May/2026 21:48:25] "GET /create_game/ HTTP/1.1" 200 21446
[23/May/2026 21:48:43] "GET /players HTTP/1.1" 301 0
[23/May/2026 21:48:43] "GET /players/ HTTP/1.1" 200 73408
[23/May/2026 21:48:56] "GET /player/Praveer HTTP/1.1" 200 62474
[23/May/2026 21:49:40] "GET /matches HTTP/1.1" 301 0
[23/May/2026 21:49:40] "GET /matches/ HTTP/1.1" 200 41818
[23/May/2026 21:49:43] "GET /game/20260517_140550_WOZWfl HTTP/1.1" 200 61130
[23/May/2026 21:51:17] "GET /matches/ HTTP/1.1" 200 41818
[23/May/2026 21:51:20] "GET /game/20260510_121308_6gJsca HTTP/1.1" 200 63776
[23/May/2026 21:52:41] "GET /matches/ HTTP/1.1" 200 41818
[23/May/2026 21:52:43] "GET /game/20260510_140745_2JH6Yh HTTP/1.1" 200 69185
[23/May/2026 21:53:38] "GET /matches/ HTTP/1.1" 200 41818
[23/May/2026 21:53:40] "GET /game/20260517_122902_sNnUqI HTTP/1.1" 200 61804
[23/May/2026 21:54:22] "GET /players/ HTTP/1.1" 200 73408
[23/May/2026 21:54:27] "GET /player/Harsha HTTP/1.1" 200 62462
[23/May/2026 21:54:33] "GET /player/Ravi HTTP/1.1" 200 62481
[23/May/2026 21:54:40] "GET /player/Karthik HTTP/1.1" 200 62444
[23/May/2026 21:54:46] "GET /player/Santhu HTTP/1.1" 200 62460
[23/May/2026 21:54:52] "GET /player/Uttham HTTP/1.1" 200 62460
[23/May/2026 21:54:58] "GET /player/Abhi HTTP/1.1" 200 60640
[23/May/2026 21:55:10] "GET /player/Deepak HTTP/1.1" 200 62436
[23/May/2026 21:55:21] "GET /player/Amogh HTTP/1.1" 200 62477
[23/May/2026 21:55:36] "GET /player/Vinod HTTP/1.1" 200 58836
[23/May/2026 21:55:41] "GET /player/Praveer HTTP/1.1" 200 62474
Not Found: /favicon.ico
[23/May/2026 23:58:11] "GET /favicon.ico HTTP/1.1" 404 4232
Not Found: /favicon.ico
[23/May/2026 23:59:50] "GET /favicon.ico HTTP/1.1" 404 4232
[24/May/2026 06:11:31] "GET /player/Ravi HTTP/1.1" 200 62475
Not Found: /favicon.ico
[24/May/2026 06:11:31] "GET /favicon.ico HTTP/1.1" 404 4232
[24/May/2026 06:11:34] "GET / HTTP/1.1" 200 37376
[24/May/2026 06:11:37] "GET / HTTP/1.1" 200 37376
Not Found: /favicon.ico
[24/May/2026 06:11:41] "GET /favicon.ico HTTP/1.1" 404 4232
Not Found: /favicon.ico
[24/May/2026 06:48:16] "GET /favicon.ico HTTP/1.1" 404 4232
[24/May/2026 06:48:19] "GET /create_game HTTP/1.1" 301 0
[24/May/2026 06:48:19] "GET /create_game/ HTTP/1.1" 302 0
[24/May/2026 06:48:19] "GET /login/ HTTP/1.1" 200 33528
[24/May/2026 06:48:30] "POST /login/ HTTP/1.1" 302 0
[24/May/2026 06:48:30] "GET /create_game HTTP/1.1" 301 0
[24/May/2026 06:48:30] "GET /create_game/ HTTP/1.1" 200 21446
/home/ubuntu/QuickWicketAWS/newenv/venv/lib/python3.14/site-packages/django/db/models/fields/__init__.py:1595: RuntimeWarning: DateTimeField Match.created_on received a naive datetime (2026-05-24 06:53:40.884930) while time zone support is active.
  warnings.warn(
/home/ubuntu/QuickWicketAWS/newenv/venv/lib/python3.14/site-packages/django/db/models/fields/__init__.py:1595: RuntimeWarning: DateTimeField HistoricalMatch.created_on received a naive datetime (2026-05-24 06:53:40.884930) while time zone support is active.
  warnings.warn(
[24/May/2026 06:53:41] "POST /begin_game/ HTTP/1.1" 200 78
[24/May/2026 06:53:41] "GET /game/20260524_122340_R6C21N HTTP/1.1" 200 61787
[24/May/2026 06:56:43,832] - Broken pipe from ('157.50.191.197', 39932)
[24/May/2026 06:56:43,832] - Broken pipe from ('157.50.191.197', 39934)
[24/May/2026 06:59:40] "POST /update_game/ HTTP/1.1" 200 52
[24/May/2026 06:59:40] "GET /game/20260524_122340_R6C21N HTTP/1.1" 200 61726
[24/May/2026 06:59:49] "POST /update_game/ HTTP/1.1" 200 52
[24/May/2026 06:59:50] "GET /game/20260524_122340_R6C21N HTTP/1.1" 200 61606
[24/May/2026 06:59:52] "POST /update_game/ HTTP/1.1" 200 52
[24/May/2026 06:59:52] "GET /game/20260524_122340_R6C21N HTTP/1.1" 200 61486
[24/May/2026 07:01:38] "POST /update_game/ HTTP/1.1" 200 87
[24/May/2026 07:01:38] "GET /game/20260524_122340_R6C21N HTTP/1.1" 200 61555
[24/May/2026 07:01:57] "POST /update_game/ HTTP/1.1" 200 87
[24/May/2026 07:01:57] "GET /game/20260524_122340_R6C21N HTTP/1.1" 200 61612
[24/May/2026 07:02:43] "POST /update_game/ HTTP/1.1" 200 87
[24/May/2026 07:02:44] "GET /game/20260524_122340_R6C21N HTTP/1.1" 200 61670
[24/May/2026 07:02:53] "POST /update_game/ HTTP/1.1" 200 87
[24/May/2026 07:02:53] "GET /game/20260524_122340_R6C21N HTTP/1.1" 200 61727
[24/May/2026 07:03:11] "POST /update_game/ HTTP/1.1" 200 87
[24/May/2026 07:03:11] "GET /game/20260524_122340_R6C21N HTTP/1.1" 200 61784
[24/May/2026 07:03:26] "POST /update_game/ HTTP/1.1" 200 87
[24/May/2026 07:03:26] "GET /game/20260524_122340_R6C21N HTTP/1.1" 200 61842
[24/May/2026 07:03:39] "POST /update_game/ HTTP/1.1" 200 87
[24/May/2026 07:03:39] "POST /update_game/ HTTP/1.1" 200 64
[24/May/2026 07:03:39] "GET /game/20260524_122340_R6C21N HTTP/1.1" 200 61899
[24/May/2026 07:03:54] "POST /update_game/ HTTP/1.1" 200 88
[24/May/2026 07:03:54] "POST /update_game/ HTTP/1.1" 200 64
[24/May/2026 07:03:54] "GET /game/20260524_122340_R6C21N HTTP/1.1" 200 61559
[24/May/2026 07:03:59] "POST /update_game/ HTTP/1.1" 200 64
[24/May/2026 07:04:00] "GET /game/20260524_122340_R6C21N HTTP/1.1" 200 61499
[24/May/2026 07:04:15] "POST /update_game/ HTTP/1.1" 200 87
[24/May/2026 07:04:15] "GET /game/20260524_122340_R6C21N HTTP/1.1" 200 61556
[24/May/2026 07:04:29] "POST /update_game/ HTTP/1.1" 200 87
[24/May/2026 07:04:29] "GET /game/20260524_122340_R6C21N HTTP/1.1" 200 61598
[24/May/2026 07:04:34] "POST /update_game/ HTTP/1.1" 200 64
[24/May/2026 07:04:34] "GET /game/20260524_122340_R6C21N HTTP/1.1" 200 61468
[24/May/2026 07:04:50] "POST /update_game/ HTTP/1.1" 200 88
[24/May/2026 07:04:50] "GET /game/20260524_122340_R6C21N HTTP/1.1" 200 61527
[24/May/2026 07:04:53] "POST /undo_data/ HTTP/1.1" 200 55
[24/May/2026 07:04:53] "GET /game/20260524_122340_R6C21N HTTP/1.1" 200 61468
[24/May/2026 07:04:54] "POST /update_game/ HTTP/1.1" 200 88
[24/May/2026 07:04:54] "GET /game/20260524_122340_R6C21N HTTP/1.1" 200 61527
Not Found: /favicon.ico
[24/May/2026 07:05:19] "GET /favicon.ico HTTP/1.1" 404 4232
[24/May/2026 07:05:21] "GET /matches/ HTTP/1.1" 200 42211
[24/May/2026 07:05:24] "GET /game/20260524_122340_R6C21N HTTP/1.1" 200 61527
[24/May/2026 07:05:37] "POST /update_game/ HTTP/1.1" 200 88
[24/May/2026 07:05:37] "GET /game/20260524_122340_R6C21N HTTP/1.1" 200 61584
[24/May/2026 07:05:52] "POST /update_game/ HTTP/1.1" 200 88
[24/May/2026 07:05:52] "GET /game/20260524_122340_R6C21N HTTP/1.1" 200 61641
[24/May/2026 07:06:06] "POST /update_game/ HTTP/1.1" 200 89
[24/May/2026 07:06:06] "POST /update_game/ HTTP/1.1" 200 65
[24/May/2026 07:06:06] "POST /update_game/ HTTP/1.1" 200 65
[24/May/2026 07:06:06] "GET /game/20260524_122340_R6C21N HTTP/1.1" 200 61416
[24/May/2026 07:06:14] "POST /update_game/ HTTP/1.1" 200 65
[24/May/2026 07:06:14] "GET /game/20260524_122340_R6C21N HTTP/1.1" 200 61355
[24/May/2026 07:06:20] "GET /game/20260524_122340_R6C21N HTTP/1.1" 200 61355
[24/May/2026 07:06:28] "POST /update_game/ HTTP/1.1" 200 88
[24/May/2026 07:06:28] "GET /game/20260524_122340_R6C21N HTTP/1.1" 200 61412
[24/May/2026 07:06:38] "POST /update_game/ HTTP/1.1" 200 88
[24/May/2026 07:06:38] "GET /game/20260524_122340_R6C21N HTTP/1.1" 200 61469
[24/May/2026 07:06:45] "GET /game/20260524_122340_R6C21N HTTP/1.1" 200 61469
[24/May/2026 07:07:22] "POST /update_game/ HTTP/1.1" 200 88
[24/May/2026 07:07:22] "GET /game/20260524_122340_R6C21N HTTP/1.1" 200 61526
[24/May/2026 07:07:34] "POST /update_game/ HTTP/1.1" 200 88
[24/May/2026 07:07:34] "GET /game/20260524_122340_R6C21N HTTP/1.1" 200 61587
[24/May/2026 07:07:37] "GET /game/20260524_122340_R6C21N HTTP/1.1" 200 61587
[24/May/2026 07:08:05] "POST /update_game/ HTTP/1.1" 200 88
[24/May/2026 07:08:06] "GET /game/20260524_122340_R6C21N HTTP/1.1" 200 61644
[24/May/2026 07:08:11] "GET /game/20260524_122340_R6C21N HTTP/1.1" 200 61644
[24/May/2026 07:08:16] "POST /update_game/ HTTP/1.1" 200 88
[24/May/2026 07:08:16] "GET /game/20260524_122340_R6C21N HTTP/1.1" 200 61702
[24/May/2026 07:08:17] "GET /game/20260524_122340_R6C21N HTTP/1.1" 200 61702
[24/May/2026 07:08:36] "POST /update_game/ HTTP/1.1" 200 89
[24/May/2026 07:08:36] "POST /update_game/ HTTP/1.1" 200 65
[24/May/2026 07:08:36] "GET /game/20260524_122340_R6C21N HTTP/1.1" 200 61424
[24/May/2026 07:08:36] "GET /game/20260524_122340_R6C21N HTTP/1.1" 200 61424
[24/May/2026 07:08:50] "POST /update_game/ HTTP/1.1" 200 65
[24/May/2026 07:08:50] "GET /game/20260524_122340_R6C21N HTTP/1.1" 200 61364
[24/May/2026 07:09:12] "POST /update_game/ HTTP/1.1" 200 88
[24/May/2026 07:09:12] "POST /update_game/ HTTP/1.1" 200 65
[24/May/2026 07:09:12] "GET /game/20260524_122340_R6C21N HTTP/1.1" 200 61421
[24/May/2026 07:09:32] "POST /update_game/ HTTP/1.1" 200 88
[24/May/2026 07:09:32] "GET /game/20260524_122340_R6C21N HTTP/1.1" 200 61479
[24/May/2026 07:09:37] "GET /game/20260524_122340_R6C21N HTTP/1.1" 200 61479
[24/May/2026 07:09:48] "POST /update_game/ HTTP/1.1" 200 88
[24/May/2026 07:09:49] "GET /game/20260524_122340_R6C21N HTTP/1.1" 200 61536
[24/May/2026 07:10:17] "POST /update_game/ HTTP/1.1" 200 88
[24/May/2026 07:10:17] "GET /game/20260524_122340_R6C21N HTTP/1.1" 200 61593
[24/May/2026 07:10:34,938] - Broken pipe from ('152.57.136.188', 43042)
[24/May/2026 07:10:34,938] - Broken pipe from ('152.57.136.188', 45626)
[24/May/2026 07:10:54] "POST /update_game/ HTTP/1.1" 200 88
[24/May/2026 07:10:54] "GET /game/20260524_122340_R6C21N HTTP/1.1" 200 61652
[24/May/2026 07:11:26] "POST /update_game/ HTTP/1.1" 200 88
[24/May/2026 07:11:26] "POST /update_game/ HTTP/1.1" 200 65
[24/May/2026 07:11:26] "GET /game/20260524_122340_R6C21N HTTP/1.1" 200 61711
[24/May/2026 07:12:09] "POST /update_game/ HTTP/1.1" 200 89
[24/May/2026 07:12:10] "POST /update_game/ HTTP/1.1" 200 65
[24/May/2026 07:12:10] "GET /game/20260524_122340_R6C21N HTTP/1.1" 200 61426
[24/May/2026 07:12:23] "POST /update_game/ HTTP/1.1" 200 65
[24/May/2026 07:12:23] "GET /game/20260524_122340_R6C21N HTTP/1.1" 200 61365
[24/May/2026 07:12:31] "GET /game/20260524_122340_R6C21N HTTP/1.1" 200 61365
[24/May/2026 07:12:40] "POST /update_game/ HTTP/1.1" 200 88
[24/May/2026 07:12:41] "GET /game/20260524_122340_R6C21N HTTP/1.1" 200 61422
[24/May/2026 07:12:46] "GET /game/20260524_122340_R6C21N HTTP/1.1" 200 61422
[24/May/2026 07:12:58] "POST /update_game/ HTTP/1.1" 200 88
[24/May/2026 07:12:58] "GET /game/20260524_122340_R6C21N HTTP/1.1" 200 61479
[24/May/2026 07:13:22,008] - Broken pipe from ('152.57.132.29', 41140)
[24/May/2026 07:13:22,008] - Broken pipe from ('152.57.132.29', 41148)
[24/May/2026 07:13:30] "POST /update_game/ HTTP/1.1" 200 88
[24/May/2026 07:13:30] "GET /game/20260524_122340_R6C21N HTTP/1.1" 200 61536
[24/May/2026 07:13:46] "POST /update_game/ HTTP/1.1" 200 88
[24/May/2026 07:13:47] "GET /game/20260524_122340_R6C21N HTTP/1.1" 200 61595
[24/May/2026 07:14:20] "POST /update_game/ HTTP/1.1" 200 88
[24/May/2026 07:14:20] "GET /game/20260524_122340_R6C21N HTTP/1.1" 200 61652
[24/May/2026 07:14:49] "POST /update_game/ HTTP/1.1" 200 89
[24/May/2026 07:14:49] "POST /update_game/ HTTP/1.1" 200 65
[24/May/2026 07:14:49] "GET /game/20260524_122340_R6C21N HTTP/1.1" 200 61427
[24/May/2026 07:14:56] "GET /game/20260524_122340_R6C21N HTTP/1.1" 200 61427
[24/May/2026 07:15:10] "POST /update_game/ HTTP/1.1" 200 65
[24/May/2026 07:15:10] "GET /game/20260524_122340_R6C21N HTTP/1.1" 200 61366
[24/May/2026 07:15:33] "GET /game/20260524_122340_R6C21N HTTP/1.1" 200 61366
[24/May/2026 07:15:47] "POST /update_game/ HTTP/1.1" 200 88
[24/May/2026 07:15:47] "GET /game/20260524_122340_R6C21N HTTP/1.1" 200 61423
[24/May/2026 07:16:05] "POST /update_game/ HTTP/1.1" 200 88
[24/May/2026 07:16:05] "GET /game/20260524_122340_R6C21N HTTP/1.1" 200 61483
[24/May/2026 07:16:07] "GET /game/20260524_122340_R6C21N HTTP/1.1" 200 61483
[24/May/2026 07:16:41] "POST /update_game/ HTTP/1.1" 200 88
[24/May/2026 07:16:41] "GET /game/20260524_122340_R6C21N HTTP/1.1" 200 61540
[24/May/2026 07:16:42] "GET /game/20260524_122340_R6C21N HTTP/1.1" 200 61540
[24/May/2026 07:16:59] "POST /update_game/ HTTP/1.1" 200 88
[24/May/2026 07:16:59] "GET /game/20260524_122340_R6C21N HTTP/1.1" 200 61597
[24/May/2026 07:17:22] "POST /update_game/ HTTP/1.1" 200 88
[24/May/2026 07:17:23] "GET /game/20260524_122340_R6C21N HTTP/1.1" 200 61637
[24/May/2026 07:17:25,213] - Broken pipe from ('152.57.141.140', 38640)
[24/May/2026 07:17:25,213] - Broken pipe from ('152.57.141.140', 42350)
[24/May/2026 07:17:26] "POST /update_game/ HTTP/1.1" 200 65
[24/May/2026 07:17:26] "GET /game/20260524_122340_R6C21N HTTP/1.1" 200 61513
[24/May/2026 07:18:00] "POST /update_game/ HTTP/1.1" 200 89
[24/May/2026 07:18:00] "POST /update_game/ HTTP/1.1" 200 65
[24/May/2026 07:18:00] "GET /game/20260524_122340_R6C21N HTTP/1.1" 200 61289
[24/May/2026 07:18:12] "POST /update_game/ HTTP/1.1" 200 65
[24/May/2026 07:18:12] "GET /game/20260524_122340_R6C21N HTTP/1.1" 200 61228
[24/May/2026 07:18:34] "POST /update_game/ HTTP/1.1" 200 88
[24/May/2026 07:18:35] "GET /game/20260524_122340_R6C21N HTTP/1.1" 200 61285
[24/May/2026 07:18:44] "POST /update_game/ HTTP/1.1" 200 88
[24/May/2026 07:18:45] "GET /game/20260524_122340_R6C21N HTTP/1.1" 200 61342
[24/May/2026 07:19:25] "POST /update_game/ HTTP/1.1" 200 88
[24/May/2026 07:19:25] "GET /game/20260524_122340_R6C21N HTTP/1.1" 200 61399
[24/May/2026 07:19:45] "POST /update_game/ HTTP/1.1" 200 88
[24/May/2026 07:19:45] "GET /game/20260524_122340_R6C21N HTTP/1.1" 200 61456
[24/May/2026 07:20:00] "POST /update_game/ HTTP/1.1" 200 88
[24/May/2026 07:20:01] "GET /game/20260524_122340_R6C21N HTTP/1.1" 200 61513
[24/May/2026 07:20:08] "GET /game/20260524_122340_R6C21N HTTP/1.1" 200 61513
[24/May/2026 07:20:17] "POST /update_game/ HTTP/1.1" 200 89
[24/May/2026 07:20:17] "POST /update_game/ HTTP/1.1" 200 65
[24/May/2026 07:20:17] "GET /game/20260524_122340_R6C21N HTTP/1.1" 200 61289
[24/May/2026 07:20:18] "GET /game/20260524_122340_R6C21N HTTP/1.1" 200 61289
[24/May/2026 07:20:34] "POST /update_game/ HTTP/1.1" 200 65
[24/May/2026 07:20:34] "GET /game/20260524_122340_R6C21N HTTP/1.1" 200 61228
[24/May/2026 07:21:01] "POST /update_game/ HTTP/1.1" 200 88
[24/May/2026 07:21:01] "POST /update_game/ HTTP/1.1" 200 65
[24/May/2026 07:21:01] "GET /game/20260524_122340_R6C21N HTTP/1.1" 200 61285
[24/May/2026 07:21:12] "GET /game/20260524_122340_R6C21N HTTP/1.1" 200 61285
[24/May/2026 07:21:30] "POST /update_game/ HTTP/1.1" 200 88
[24/May/2026 07:21:30] "GET /game/20260524_122340_R6C21N HTTP/1.1" 200 61342
[24/May/2026 07:21:37] "POST /update_game/ HTTP/1.1" 200 88
[24/May/2026 07:21:37] "GET /game/20260524_122340_R6C21N HTTP/1.1" 200 61399
[24/May/2026 07:21:39] "GET /game/20260524_122340_R6C21N HTTP/1.1" 200 61399
[24/May/2026 07:21:53] "GET /game/20260524_122340_R6C21N HTTP/1.1" 200 61399
[24/May/2026 07:22:19] "POST /update_game/ HTTP/1.1" 200 88
[24/May/2026 07:22:19] "GET /game/20260524_122340_R6C21N HTTP/1.1" 200 61458
[24/May/2026 07:22:25] "GET /game/20260524_122340_R6C21N HTTP/1.1" 200 61458
[24/May/2026 07:22:36] "POST /update_game/ HTTP/1.1" 200 88
[24/May/2026 07:22:36] "GET /game/20260524_122340_R6C21N HTTP/1.1" 200 61518
[24/May/2026 07:22:37] "GET /game/20260524_122340_R6C21N HTTP/1.1" 200 61518
[24/May/2026 07:22:39] "POST /undo_data/ HTTP/1.1" 200 55
[24/May/2026 07:22:40] "GET /game/20260524_122340_R6C21N HTTP/1.1" 200 61458
[24/May/2026 07:22:42] "POST /update_game/ HTTP/1.1" 200 88
[24/May/2026 07:22:42] "GET /game/20260524_122340_R6C21N HTTP/1.1" 200 61486
[24/May/2026 07:22:49] "POST /update_game/ HTTP/1.1" 200 65
[24/May/2026 07:22:50] "GET /game/20260524_122340_R6C21N HTTP/1.1" 200 61362
[24/May/2026 07:22:53] "GET /game/20260524_122340_R6C21N HTTP/1.1" 200 61362
[24/May/2026 07:23:10] "GET /game/20260524_122340_R6C21N HTTP/1.1" 200 61362
[24/May/2026 07:23:11] "POST /update_game/ HTTP/1.1" 200 89
[24/May/2026 07:23:11] "POST /update_game/ HTTP/1.1" 200 65
[24/May/2026 07:23:11] "GET /game/20260524_122340_R6C21N HTTP/1.1" 200 61138
[24/May/2026 07:23:38] "GET /game/20260524_122340_R6C21N HTTP/1.1" 200 61138
Internal Server Error: /update_game/
Traceback (most recent call last):
  File "/home/ubuntu/QuickWicketAWS/newenv/venv/lib/python3.14/site-packages/django/core/handlers/exception.py", line 55, in inner
    response = get_response(request)
  File "/home/ubuntu/QuickWicketAWS/newenv/venv/lib/python3.14/site-packages/django/core/handlers/base.py", line 197, in _get_response
    response = wrapped_callback(request, *callback_args, **callback_kwargs)
  File "/home/ubuntu/QuickWicketAWS/scorecard/views.py", line 369, in game_update
    bowler = Players.objects.get(match=match, name=match.bowler)
  File "/home/ubuntu/QuickWicketAWS/newenv/venv/lib/python3.14/site-packages/django/db/models/manager.py", line 87, in manager_method
    return getattr(self.get_queryset(), name)(*args, **kwargs)
           ~~~~~~~~~~~~~~~~~~~~~~~~~~~~~~~~~~^^^^^^^^^^^^^^^^^
  File "/home/ubuntu/QuickWicketAWS/newenv/venv/lib/python3.14/site-packages/django/db/models/query.py", line 639, in get
    raise self.model.DoesNotExist(
        "%s matching query does not exist." % self.model._meta.object_name
    )
scorecard.models.Players.DoesNotExist: Players matching query does not exist.
[24/May/2026 07:24:05] "POST /update_game/ HTTP/1.1" 500 72768
[24/May/2026 07:24:06] "GET /game/20260524_122340_R6C21N HTTP/1.1" 200 61138
[24/May/2026 07:24:09] "POST /update_game/ HTTP/1.1" 200 65
[24/May/2026 07:24:09] "GET /game/20260524_122340_R6C21N HTTP/1.1" 200 61077
[24/May/2026 07:24:11] "POST /update_game/ HTTP/1.1" 200 88
[24/May/2026 07:24:11] "GET /game/20260524_122340_R6C21N HTTP/1.1" 200 61134
[24/May/2026 07:24:23] "POST /update_game/ HTTP/1.1" 200 88
[24/May/2026 07:24:23] "GET /game/20260524_122340_R6C21N HTTP/1.1" 200 61191
[24/May/2026 07:24:58] "GET /game/20260524_122340_R6C21N HTTP/1.1" 200 61191
[24/May/2026 07:24:58] "POST /update_game/ HTTP/1.1" 200 88
[24/May/2026 07:24:58] "GET /game/20260524_122340_R6C21N HTTP/1.1" 200 61250
[24/May/2026 07:25:08] "GET /game/20260524_122340_R6C21N HTTP/1.1" 200 61250
[24/May/2026 07:25:16] "POST /update_game/ HTTP/1.1" 200 88
[24/May/2026 07:25:16] "GET /game/20260524_122340_R6C21N HTTP/1.1" 200 61308
[24/May/2026 07:25:26] "GET /game/20260524_122340_R6C21N HTTP/1.1" 200 61308
[24/May/2026 07:25:57] "GET /game/20260524_122340_R6C21N HTTP/1.1" 200 61308
[24/May/2026 07:25:58] "GET /game/20260524_122340_R6C21N HTTP/1.1" 200 61308
[24/May/2026 07:26:00] "POST /update_game/ HTTP/1.1" 200 88
[24/May/2026 07:26:01] "GET /game/20260524_122340_R6C21N HTTP/1.1" 200 61367
[24/May/2026 07:26:14] "POST /update_game/ HTTP/1.1" 200 88
[24/May/2026 07:26:14] "GET /game/20260524_122340_R6C21N HTTP/1.1" 200 61427
[24/May/2026 07:26:16] "GET /game/20260524_122340_R6C21N HTTP/1.1" 200 61427
[24/May/2026 07:26:52] "POST /update_game/ HTTP/1.1" 200 89
[24/May/2026 07:26:53] "POST /update_game/ HTTP/1.1" 200 65
[24/May/2026 07:26:53] "GET /game/20260524_122340_R6C21N HTTP/1.1" 200 61143
[24/May/2026 07:26:54] "GET /game/20260524_122340_R6C21N HTTP/1.1" 200 61143
[24/May/2026 07:27:15] "POST /update_game/ HTTP/1.1" 200 65
[24/May/2026 07:27:15] "GET /game/20260524_122340_R6C21N HTTP/1.1" 200 61084
[24/May/2026 07:27:45] "POST /update_game/ HTTP/1.1" 200 88
[24/May/2026 07:27:45] "GET /game/20260524_122340_R6C21N HTTP/1.1" 200 61122
[24/May/2026 07:27:47,097] - Broken pipe from ('152.57.143.37', 42630)
[24/May/2026 07:27:47,098] - Broken pipe from ('152.57.143.37', 43584)
[24/May/2026 07:27:50] "POST /update_game/ HTTP/1.1" 200 65
[24/May/2026 07:27:50] "GET /game/20260524_122340_R6C21N HTTP/1.1" 200 60996
[24/May/2026 07:28:12] "POST /update_game/ HTTP/1.1" 200 88
[24/May/2026 07:28:12] "GET /game/20260524_122340_R6C21N HTTP/1.1" 200 61053
[24/May/2026 07:28:25] "POST /update_game/ HTTP/1.1" 200 88
[24/May/2026 07:28:25] "GET /game/20260524_122340_R6C21N HTTP/1.1" 200 61110
[24/May/2026 07:28:38] "POST /update_game/ HTTP/1.1" 200 88
[24/May/2026 07:28:39] "GET /game/20260524_122340_R6C21N HTTP/1.1" 200 61167
[24/May/2026 07:28:54] "POST /update_game/ HTTP/1.1" 200 88
[24/May/2026 07:28:54] "GET /game/20260524_122340_R6C21N HTTP/1.1" 200 61224
[24/May/2026 07:29:12] "POST /update_game/ HTTP/1.1" 200 87
[24/May/2026 07:29:12] "POST /update_game/ HTTP/1.1" 200 63
[24/May/2026 07:29:12] "POST /update_game/ HTTP/1.1" 200 63
[24/May/2026 07:29:12] "GET /game/20260524_122340_R6C21N HTTP/1.1" 200 61788
[24/May/2026 07:29:12] "GET /game/20260524_122340_R6C21N HTTP/1.1" 200 61788
[24/May/2026 07:29:12] "GET /game/20260524_122340_R6C21N HTTP/1.1" 200 61788
[24/May/2026 07:30:19] "POST /update_game/ HTTP/1.1" 200 63
[24/May/2026 07:30:20] "GET /game/20260524_122340_R6C21N HTTP/1.1" 200 61727
[24/May/2026 07:30:22] "POST /update_game/ HTTP/1.1" 200 63
[24/May/2026 07:30:22] "GET /game/20260524_122340_R6C21N HTTP/1.1" 200 61603
[24/May/2026 07:30:25] "POST /update_game/ HTTP/1.1" 200 63
[24/May/2026 07:30:25] "GET /game/20260524_122340_R6C21N HTTP/1.1" 200 61477
[24/May/2026 07:31:04] "POST /update_game/ HTTP/1.1" 200 86
[24/May/2026 07:31:05] "GET /game/20260524_122340_R6C21N HTTP/1.1" 200 61534
[24/May/2026 07:31:24] "POST /update_game/ HTTP/1.1" 200 86
[24/May/2026 07:31:24] "GET /game/20260524_122340_R6C21N HTTP/1.1" 200 61597
[24/May/2026 07:31:58] "POST /update_game/ HTTP/1.1" 200 86
[24/May/2026 07:31:58] "GET /game/20260524_122340_R6C21N HTTP/1.1" 200 61654
[24/May/2026 07:32:19] "POST /update_game/ HTTP/1.1" 200 86
[24/May/2026 07:32:19] "GET /game/20260524_122340_R6C21N HTTP/1.1" 200 61711
[24/May/2026 07:32:39] "POST /update_game/ HTTP/1.1" 200 86
[24/May/2026 07:32:39] "GET /game/20260524_122340_R6C21N HTTP/1.1" 200 61768
[24/May/2026 07:33:01] "POST /update_game/ HTTP/1.1" 200 87
[24/May/2026 07:33:01] "POST /update_game/ HTTP/1.1" 200 63
[24/May/2026 07:33:01] "POST /update_game/ HTTP/1.1" 200 63
[24/May/2026 07:33:01] "GET /game/20260524_122340_R6C21N HTTP/1.1" 200 61543
[24/May/2026 07:33:01] "GET /game/20260524_122340_R6C21N HTTP/1.1" 200 61543
[24/May/2026 07:33:01] "GET /game/20260524_122340_R6C21N HTTP/1.1" 200 61543
[24/May/2026 07:33:09] "POST /update_game/ HTTP/1.1" 200 63
[24/May/2026 07:33:09] "GET /game/20260524_122340_R6C21N HTTP/1.1" 200 61479
[24/May/2026 07:33:35] "POST /update_game/ HTTP/1.1" 200 86
[24/May/2026 07:33:35] "GET /game/20260524_122340_R6C21N HTTP/1.1" 200 61536
[24/May/2026 07:33:45] "POST /update_game/ HTTP/1.1" 200 86
[24/May/2026 07:33:45] "GET /game/20260524_122340_R6C21N HTTP/1.1" 200 61593
[24/May/2026 07:33:52] "POST /update_game/ HTTP/1.1" 200 86
[24/May/2026 07:33:52] "GET /game/20260524_122340_R6C21N HTTP/1.1" 200 61650
[24/May/2026 07:34:04] "POST /update_game/ HTTP/1.1" 200 86
[24/May/2026 07:34:04] "GET /game/20260524_122340_R6C21N HTTP/1.1" 200 61710
[24/May/2026 07:35:18] "POST /update_game/ HTTP/1.1" 200 86
[24/May/2026 07:35:18] "GET /game/20260524_122340_R6C21N HTTP/1.1" 200 61767
[24/May/2026 07:35:42] "POST /update_game/ HTTP/1.1" 200 87
[24/May/2026 07:35:42] "POST /update_game/ HTTP/1.1" 200 63
[24/May/2026 07:35:42] "GET /game/20260524_122340_R6C21N HTTP/1.1" 200 61547
[24/May/2026 07:36:01] "POST /update_game/ HTTP/1.1" 200 63
[24/May/2026 07:36:01] "GET /game/20260524_122340_R6C21N HTTP/1.1" 200 61488
[24/May/2026 07:36:18] "POST /update_game/ HTTP/1.1" 200 86
[24/May/2026 07:36:19] "GET /game/20260524_122340_R6C21N HTTP/1.1" 200 61545
[24/May/2026 07:36:52] "POST /update_game/ HTTP/1.1" 200 86
[24/May/2026 07:36:53] "GET /game/20260524_122340_R6C21N HTTP/1.1" 200 61602
[24/May/2026 07:37:10] "POST /update_game/ HTTP/1.1" 200 86
[24/May/2026 07:37:10] "POST /update_game/ HTTP/1.1" 200 63
[24/May/2026 07:37:10] "GET /game/20260524_122340_R6C21N HTTP/1.1" 200 61659
[24/May/2026 07:37:29] "POST /update_game/ HTTP/1.1" 200 86
[24/May/2026 07:37:29] "GET /game/20260524_122340_R6C21N HTTP/1.1" 200 61716
[24/May/2026 07:38:14] "POST /update_game/ HTTP/1.1" 200 86
[24/May/2026 07:38:14] "GET /game/20260524_122340_R6C21N HTTP/1.1" 200 61775
[24/May/2026 07:38:32] "POST /update_game/ HTTP/1.1" 200 87
[24/May/2026 07:38:33] "POST /update_game/ HTTP/1.1" 200 63
[24/May/2026 07:38:33] "GET /game/20260524_122340_R6C21N HTTP/1.1" 200 61548
[24/May/2026 07:38:51] "POST /update_game/ HTTP/1.1" 200 63
[24/May/2026 07:38:51] "GET /game/20260524_122340_R6C21N HTTP/1.1" 200 61485
[24/May/2026 07:39:08] "POST /update_game/ HTTP/1.1" 200 86
[24/May/2026 07:39:09] "GET /game/20260524_122340_R6C21N HTTP/1.1" 200 61542
[24/May/2026 07:39:24] "POST /update_game/ HTTP/1.1" 200 86
[24/May/2026 07:39:24] "GET /game/20260524_122340_R6C21N HTTP/1.1" 200 61599
[24/May/2026 07:39:45] "POST /update_game/ HTTP/1.1" 200 86
[24/May/2026 07:39:46] "GET /game/20260524_122340_R6C21N HTTP/1.1" 200 61656
[24/May/2026 07:39:58] "POST /update_game/ HTTP/1.1" 200 86
[24/May/2026 07:39:58] "GET /game/20260524_122340_R6C21N HTTP/1.1" 200 61715
[24/May/2026 07:40:10] "POST /update_game/ HTTP/1.1" 200 86
[24/May/2026 07:40:10] "GET /game/20260524_122340_R6C21N HTTP/1.1" 200 61772
[24/May/2026 07:40:29] "POST /update_game/ HTTP/1.1" 200 87
[24/May/2026 07:40:29] "POST /update_game/ HTTP/1.1" 200 63
[24/May/2026 07:40:30] "GET /game/20260524_122340_R6C21N HTTP/1.1" 200 61549
[24/May/2026 07:40:56] "POST /update_game/ HTTP/1.1" 200 63
[24/May/2026 07:40:56] "GET /game/20260524_122340_R6C21N HTTP/1.1" 200 61491
[24/May/2026 07:41:11] "POST /update_game/ HTTP/1.1" 200 86
[24/May/2026 07:41:12] "GET /game/20260524_122340_R6C21N HTTP/1.1" 200 61549
[24/May/2026 07:41:35] "POST /update_game/ HTTP/1.1" 200 86
[24/May/2026 07:41:35] "GET /game/20260524_122340_R6C21N HTTP/1.1" 200 61606
[24/May/2026 07:42:02] "POST /update_game/ HTTP/1.1" 200 86
[24/May/2026 07:42:02] "GET /game/20260524_122340_R6C21N HTTP/1.1" 200 61640
[24/May/2026 07:42:11] "POST /update_game/ HTTP/1.1" 200 63
[24/May/2026 07:42:11] "GET /game/20260524_122340_R6C21N HTTP/1.1" 200 61516
[24/May/2026 07:42:39] "POST /update_game/ HTTP/1.1" 200 86
[24/May/2026 07:42:40] "POST /update_game/ HTTP/1.1" 200 63
[24/May/2026 07:42:40] "GET /game/20260524_122340_R6C21N HTTP/1.1" 200 61573
[24/May/2026 07:43:02] "POST /update_game/ HTTP/1.1" 200 86
[24/May/2026 07:43:02] "GET /game/20260524_122340_R6C21N HTTP/1.1" 200 61612
[24/May/2026 07:43:17] "POST /update_game/ HTTP/1.1" 200 63
[24/May/2026 07:43:17] "GET /game/20260524_122340_R6C21N HTTP/1.1" 200 61488
[24/May/2026 07:43:38] "POST /update_game/ HTTP/1.1" 200 86
[24/May/2026 07:43:38] "POST /update_game/ HTTP/1.1" 200 63
[24/May/2026 07:43:38] "GET /game/20260524_122340_R6C21N HTTP/1.1" 200 61545
[24/May/2026 07:43:59] "POST /update_game/ HTTP/1.1" 200 87
[24/May/2026 07:43:59] "POST /update_game/ HTTP/1.1" 200 63
[24/May/2026 07:43:59] "GET /game/20260524_122340_R6C21N HTTP/1.1" 200 61259
[24/May/2026 07:44:21] "POST /update_game/ HTTP/1.1" 200 63
[24/May/2026 07:44:21] "GET /game/20260524_122340_R6C21N HTTP/1.1" 200 61197
[24/May/2026 07:45:07] "POST /update_game/ HTTP/1.1" 200 86
[24/May/2026 07:45:07] "GET /game/20260524_122340_R6C21N HTTP/1.1" 200 61255
[24/May/2026 07:45:27] "POST /update_game/ HTTP/1.1" 200 86
[24/May/2026 07:45:27] "GET /game/20260524_122340_R6C21N HTTP/1.1" 200 61313
[24/May/2026 07:45:43] "POST /update_game/ HTTP/1.1" 200 86
[24/May/2026 07:45:43] "GET /game/20260524_122340_R6C21N HTTP/1.1" 200 61370
[24/May/2026 07:46:05] "POST /update_game/ HTTP/1.1" 200 86
[24/May/2026 07:46:05] "POST /update_game/ HTTP/1.1" 200 63
[24/May/2026 07:46:05] "GET /game/20260524_122340_R6C21N HTTP/1.1" 200 61427
[24/May/2026 07:46:24] "POST /update_game/ HTTP/1.1" 200 86
[24/May/2026 07:46:24] "GET /game/20260524_122340_R6C21N HTTP/1.1" 200 61484
[24/May/2026 07:46:42] "POST /update_game/ HTTP/1.1" 200 86
[24/May/2026 07:46:42] "GET /game/20260524_122340_R6C21N HTTP/1.1" 200 61542
[24/May/2026 07:46:52] "POST /undo_data/ HTTP/1.1" 200 55
[24/May/2026 07:46:52] "GET /game/20260524_122340_R6C21N HTTP/1.1" 200 61484
[24/May/2026 07:46:59] "POST /update_game/ HTTP/1.1" 200 63
[24/May/2026 07:46:59] "GET /game/20260524_122340_R6C21N HTTP/1.1" 200 61542
[24/May/2026 07:47:01] "POST /update_game/ HTTP/1.1" 200 86
[24/May/2026 07:47:01] "GET /game/20260524_122340_R6C21N HTTP/1.1" 200 61599
[24/May/2026 07:47:39] "POST /update_game/ HTTP/1.1" 200 86
[24/May/2026 07:47:39] "GET /game/20260524_122340_R6C21N HTTP/1.1" 200 61657
[24/May/2026 07:47:55] "POST /update_game/ HTTP/1.1" 200 86
[24/May/2026 07:47:56] "GET /game/20260524_122340_R6C21N HTTP/1.1" 200 61714
[24/May/2026 07:48:10] "POST /update_game/ HTTP/1.1" 200 86
[24/May/2026 07:48:10] "GET /game/20260524_122340_R6C21N HTTP/1.1" 200 61772
[24/May/2026 07:48:30] "POST /update_game/ HTTP/1.1" 200 87
[24/May/2026 07:48:30] "POST /update_game/ HTTP/1.1" 200 63
[24/May/2026 07:48:30] "POST /update_game/ HTTP/1.1" 200 63
[24/May/2026 07:48:31] "GET /game/20260524_122340_R6C21N HTTP/1.1" 200 61259
[24/May/2026 07:48:31] "GET /game/20260524_122340_R6C21N HTTP/1.1" 200 61259
[24/May/2026 07:48:31] "GET /game/20260524_122340_R6C21N HTTP/1.1" 200 61259
[24/May/2026 07:49:01] "POST /update_game/ HTTP/1.1" 200 63
[24/May/2026 07:49:02] "GET /game/20260524_122340_R6C21N HTTP/1.1" 200 61197
[24/May/2026 07:50:27] "POST /undo_data/ HTTP/1.1" 200 55
[24/May/2026 07:50:27] "GET /game/20260524_122340_R6C21N HTTP/1.1" 200 61259
[24/May/2026 07:50:32] "POST /undo_data/ HTTP/1.1" 200 55
[24/May/2026 07:50:32] "GET /game/20260524_122340_R6C21N HTTP/1.1" 200 61197
[24/May/2026 07:51:50] "POST /update_game/ HTTP/1.1" 200 63
[24/May/2026 07:51:50] "GET /game/20260524_122340_R6C21N HTTP/1.1" 200 61202
[24/May/2026 07:51:58] "GET /game/20260524_122340_R6C21N HTTP/1.1" 200 61202
[24/May/2026 07:52:16] "POST /update_game/ HTTP/1.1" 200 86
[24/May/2026 07:52:16] "GET /game/20260524_122340_R6C21N HTTP/1.1" 200 61259
[24/May/2026 07:52:26] "POST /update_game/ HTTP/1.1" 200 63
[24/May/2026 07:52:26] "GET /game/20260524_122340_R6C21N HTTP/1.1" 200 61259
[24/May/2026 07:52:55] "POST /update_game/ HTTP/1.1" 200 86
[24/May/2026 07:52:55] "GET /game/20260524_122340_R6C21N HTTP/1.1" 200 61316
[24/May/2026 07:53:35] "POST /update_game/ HTTP/1.1" 200 86
[24/May/2026 07:53:35] "POST /update_game/ HTTP/1.1" 200 63
[24/May/2026 07:53:35] "GET /game/20260524_122340_R6C21N HTTP/1.1" 200 61373
[24/May/2026 07:54:01] "POST /update_game/ HTTP/1.1" 200 86
[24/May/2026 07:54:02] "GET /game/20260524_122340_R6C21N HTTP/1.1" 200 61430
[24/May/2026 07:54:22] "POST /update_game/ HTTP/1.1" 200 86
[24/May/2026 07:54:22] "GET /game/20260524_122340_R6C21N HTTP/1.1" 200 61487
[24/May/2026 07:54:55] "POST /update_game/ HTTP/1.1" 200 87
[24/May/2026 07:54:55] "POST /update_game/ HTTP/1.1" 200 63
[24/May/2026 07:54:55] "POST /update_game/ HTTP/1.1" 200 63
[24/May/2026 07:54:55] "GET /game/20260524_122340_R6C21N HTTP/1.1" 200 61259
[24/May/2026 07:55:23] "POST /update_game/ HTTP/1.1" 200 63
[24/May/2026 07:55:23] "GET /game/20260524_122340_R6C21N HTTP/1.1" 200 61197
[24/May/2026 07:55:38] "POST /update_game/ HTTP/1.1" 200 86
[24/May/2026 07:55:39] "GET /game/20260524_122340_R6C21N HTTP/1.1" 200 61256
[24/May/2026 07:56:09] "POST /update_game/ HTTP/1.1" 200 86
[24/May/2026 07:56:09] "GET /game/20260524_122340_R6C21N HTTP/1.1" 200 61316
[24/May/2026 07:56:29] "POST /update_game/ HTTP/1.1" 200 85
[24/May/2026 07:56:29] "GET /game/20260524_122340_R6C21N HTTP/1.1" 200 61375
[24/May/2026 07:56:52] "POST /update_game/ HTTP/1.1" 200 85
[24/May/2026 07:56:52] "POST /update_game/ HTTP/1.1" 200 62
[24/May/2026 07:56:52] "GET /game/20260524_122340_R6C21N HTTP/1.1" 200 61434
[24/May/2026 07:57:15] "POST /update_game/ HTTP/1.1" 200 75
[24/May/2026 07:57:16] "GET /game/20260524_122340_R6C21N HTTP/1.1" 200 61484
[24/May/2026 07:57:39] "POST /update_game/ HTTP/1.1" 200 61
[24/May/2026 07:57:39] "POST /update_game/ HTTP/1.1" 200 61
[24/May/2026 07:57:39] "GET /game/20260524_122340_R6C21N HTTP/1.1" 200 61554
[24/May/2026 07:57:40] "POST /undo_data/ HTTP/1.1" 200 55
[24/May/2026 07:57:40] "GET /game/20260524_122340_R6C21N HTTP/1.1" 200 61484
[24/May/2026 07:57:57] "POST /update_game/ HTTP/1.1" 200 84
[24/May/2026 07:57:57] "GET /game/20260524_122340_R6C21N HTTP/1.1" 200 61551
[24/May/2026 07:58:07] "POST /update_game/ HTTP/1.1" 200 85
[24/May/2026 07:58:07] "GET /game/20260524_122340_R6C21N HTTP/1.1" 200 61247
[24/May/2026 07:58:13] "POST /update_game/ HTTP/1.1" 200 61
[24/May/2026 07:58:13] "GET /game/20260524_122340_R6C21N HTTP/1.1" 200 61243
[24/May/2026 07:58:17] "POST /update_game/ HTTP/1.1" 200 61
[24/May/2026 07:58:17] "GET /game/20260524_122340_R6C21N HTTP/1.1" 200 61123
[24/May/2026 07:58:28] "POST /update_game/ HTTP/1.1" 200 61
[24/May/2026 07:58:28] "GET /game/20260524_122340_R6C21N HTTP/1.1" 200 61061
[24/May/2026 07:58:40] "POST /update_game/ HTTP/1.1" 200 84
[24/May/2026 07:58:40] "GET /game/20260524_122340_R6C21N HTTP/1.1" 200 61095
[24/May/2026 07:58:51] "POST /update_game/ HTTP/1.1" 200 61
[24/May/2026 07:58:51] "GET /game/20260524_122340_R6C21N HTTP/1.1" 200 60973
[24/May/2026 07:59:05] "POST /update_game/ HTTP/1.1" 200 84
[24/May/2026 07:59:05] "GET /game/20260524_122340_R6C21N HTTP/1.1" 200 61030
[24/May/2026 07:59:13] "POST /update_game/ HTTP/1.1" 200 84
[24/May/2026 07:59:14] "POST /update_game/ HTTP/1.1" 200 61
[24/May/2026 07:59:14] "GET /game/20260524_122340_R6C21N HTTP/1.1" 200 61087
[24/May/2026 07:59:28] "POST /update_game/ HTTP/1.1" 200 61
[24/May/2026 07:59:28] "GET /game/20260524_122340_R6C21N HTTP/1.1" 200 61087
[24/May/2026 07:59:31] "POST /update_game/ HTTP/1.1" 200 84
[24/May/2026 07:59:32] "GET /game/20260524_122340_R6C21N HTTP/1.1" 200 61144
[24/May/2026 07:59:39] "POST /update_game/ HTTP/1.1" 200 61
[24/May/2026 07:59:39] "GET /game/20260524_122340_R6C21N HTTP/1.1" 200 61144
[24/May/2026 07:59:46] "POST /update_game/ HTTP/1.1" 200 84
[24/May/2026 07:59:46] "GET /game/20260524_122340_R6C21N HTTP/1.1" 200 61202
[24/May/2026 07:59:52] "POST /update_game/ HTTP/1.1" 200 84
[24/May/2026 07:59:52] "GET /game/20260524_122340_R6C21N HTTP/1.1" 200 61260
[24/May/2026 08:00:09] "POST /update_game/ HTTP/1.1" 200 84
[24/May/2026 08:00:09] "GET /game/20260524_122340_R6C21N HTTP/1.1" 200 61317
[24/May/2026 08:00:13] "POST /update_game/ HTTP/1.1" 200 85
[24/May/2026 08:00:14] "POST /update_game/ HTTP/1.1" 200 61
[24/May/2026 08:00:14] "GET /game/20260524_122340_R6C21N HTTP/1.1" 200 60978
[24/May/2026 08:00:22] "POST /update_game/ HTTP/1.1" 200 61
[24/May/2026 08:00:22] "GET /game/20260524_122340_R6C21N HTTP/1.1" 200 60919
[24/May/2026 08:00:47] "POST /update_game/ HTTP/1.1" 200 84
[24/May/2026 08:00:47] "GET /game/20260524_122340_R6C21N HTTP/1.1" 200 60977
[24/May/2026 08:00:59] "POST /update_game/ HTTP/1.1" 200 84
[24/May/2026 08:00:59] "GET /game/20260524_122340_R6C21N HTTP/1.1" 200 61035
[24/May/2026 08:01:11] "POST /update_game/ HTTP/1.1" 200 84
[24/May/2026 08:01:11] "GET /game/20260524_122340_R6C21N HTTP/1.1" 200 61092
[24/May/2026 08:01:22] "POST /update_game/ HTTP/1.1" 200 84
[24/May/2026 08:01:22] "GET /game/20260524_122340_R6C21N HTTP/1.1" 200 61149
[24/May/2026 08:02:00] "POST /update_game/ HTTP/1.1" 200 84
[24/May/2026 08:02:00] "GET /game/20260524_122340_R6C21N HTTP/1.1" 200 61206
[24/May/2026 08:02:11] "POST /update_game/ HTTP/1.1" 200 85
[24/May/2026 08:02:12] "GET /game/20260524_122340_R6C21N HTTP/1.1" 200 61264
[24/May/2026 08:02:45] "POST /update_game/ HTTP/1.1" 200 85
[24/May/2026 08:02:45] "GET /game/20260524_122340_R6C21N HTTP/1.1" 200 61321
[24/May/2026 08:03:04] "POST /update_game/ HTTP/1.1" 200 90
[24/May/2026 08:03:04] "POST /update_game/ HTTP/1.1" 200 66
[24/May/2026 08:03:04] "GET /game/20260524_122340_R6C21N HTTP/1.1" 200 61793
[24/May/2026 08:04:28] "POST /update_game/ HTTP/1.1" 200 66
[24/May/2026 08:04:28] "GET /game/20260524_122340_R6C21N HTTP/1.1" 200 61732
[24/May/2026 08:04:31] "POST /update_game/ HTTP/1.1" 200 66
[24/May/2026 08:04:31] "GET /game/20260524_122340_R6C21N HTTP/1.1" 200 61612
[24/May/2026 08:04:33] "POST /update_game/ HTTP/1.1" 200 66
[24/May/2026 08:04:33] "GET /game/20260524_122340_R6C21N HTTP/1.1" 200 61482
[24/May/2026 08:05:17] "POST /update_game/ HTTP/1.1" 200 66
[24/May/2026 08:05:18] "GET /game/20260524_122340_R6C21N HTTP/1.1" 200 61540
[24/May/2026 08:05:37] "POST /update_game/ HTTP/1.1" 200 89
[24/May/2026 08:05:37] "GET /game/20260524_122340_R6C21N HTTP/1.1" 200 61597
[24/May/2026 08:05:55] "POST /update_game/ HTTP/1.1" 200 89
[24/May/2026 08:05:55] "POST /update_game/ HTTP/1.1" 200 66
[24/May/2026 08:05:55] "GET /game/20260524_122340_R6C21N HTTP/1.1" 200 61654
[24/May/2026 08:06:25] "POST /update_game/ HTTP/1.1" 200 89
[24/May/2026 08:06:25] "GET /game/20260524_122340_R6C21N HTTP/1.1" 200 61711
[24/May/2026 08:06:39] "POST /update_game/ HTTP/1.1" 200 88
[24/May/2026 08:06:39] "GET /game/20260524_122340_R6C21N HTTP/1.1" 200 61768
[24/May/2026 08:07:06] "POST /update_game/ HTTP/1.1" 200 88
[24/May/2026 08:07:07] "POST /update_game/ HTTP/1.1" 200 65
[24/May/2026 08:07:07] "GET /game/20260524_122340_R6C21N HTTP/1.1" 200 61825
[24/May/2026 08:07:28] "POST /update_game/ HTTP/1.1" 200 88
[24/May/2026 08:07:28] "GET /game/20260524_122340_R6C21N HTTP/1.1" 200 61882
[24/May/2026 08:07:42] "POST /update_game/ HTTP/1.1" 200 89
[24/May/2026 08:07:42] "POST /update_game/ HTTP/1.1" 200 65
[24/May/2026 08:07:42] "GET /game/20260524_122340_R6C21N HTTP/1.1" 200 61542
[24/May/2026 08:07:49] "POST /update_game/ HTTP/1.1" 200 65
[24/May/2026 08:07:49] "GET /game/20260524_122340_R6C21N HTTP/1.1" 200 61481
[24/May/2026 08:08:24] "POST /update_game/ HTTP/1.1" 200 88
[24/May/2026 08:08:24] "GET /game/20260524_122340_R6C21N HTTP/1.1" 200 61538
[24/May/2026 08:08:48] "POST /update_game/ HTTP/1.1" 200 88
[24/May/2026 08:08:49] "GET /game/20260524_122340_R6C21N HTTP/1.1" 200 61595
[24/May/2026 08:09:01] "POST /update_game/ HTTP/1.1" 200 88
[24/May/2026 08:09:01] "GET /game/20260524_122340_R6C21N HTTP/1.1" 200 61652
[24/May/2026 08:09:27] "POST /update_game/ HTTP/1.1" 200 88
[24/May/2026 08:09:27] "GET /game/20260524_122340_R6C21N HTTP/1.1" 200 61684
[24/May/2026 08:09:33] "POST /update_game/ HTTP/1.1" 200 65
[24/May/2026 08:09:33] "GET /game/20260524_122340_R6C21N HTTP/1.1" 200 61560
[24/May/2026 08:09:48] "POST /update_game/ HTTP/1.1" 200 88
[24/May/2026 08:09:48] "GET /game/20260524_122340_R6C21N HTTP/1.1" 200 61617
[24/May/2026 08:10:04] "POST /update_game/ HTTP/1.1" 200 89
[24/May/2026 08:10:04] "POST /update_game/ HTTP/1.1" 200 65
[24/May/2026 08:10:04] "POST /update_game/ HTTP/1.1" 200 65
[24/May/2026 08:10:04] "GET /game/20260524_122340_R6C21N HTTP/1.1" 200 61393
[24/May/2026 08:10:04] "GET /game/20260524_122340_R6C21N HTTP/1.1" 200 61393
[24/May/2026 08:10:04] "GET /game/20260524_122340_R6C21N HTTP/1.1" 200 61393
[24/May/2026 08:10:10] "POST /update_game/ HTTP/1.1" 200 65
[24/May/2026 08:10:10] "GET /game/20260524_122340_R6C21N HTTP/1.1" 200 61332
[24/May/2026 08:10:35] "POST /update_game/ HTTP/1.1" 200 88
[24/May/2026 08:10:35] "GET /game/20260524_122340_R6C21N HTTP/1.1" 200 61389
[24/May/2026 08:11:12] "POST /update_game/ HTTP/1.1" 200 88
[24/May/2026 08:11:13] "GET /game/20260524_122340_R6C21N HTTP/1.1" 200 61448
[24/May/2026 08:11:27] "POST /update_game/ HTTP/1.1" 200 88
[24/May/2026 08:11:27] "GET /game/20260524_122340_R6C21N HTTP/1.1" 200 61505
[24/May/2026 08:11:57] "POST /update_game/ HTTP/1.1" 200 88
[24/May/2026 08:11:57] "GET /game/20260524_122340_R6C21N HTTP/1.1" 200 61562
[24/May/2026 08:12:06] "POST /update_game/ HTTP/1.1" 200 88
[24/May/2026 08:12:06] "GET /game/20260524_122340_R6C21N HTTP/1.1" 200 61621
[24/May/2026 08:12:41] "POST /update_game/ HTTP/1.1" 200 88
[24/May/2026 08:12:41] "GET /game/20260524_122340_R6C21N HTTP/1.1" 200 61659
[24/May/2026 08:12:48] "POST /update_game/ HTTP/1.1" 200 65
[24/May/2026 08:12:48] "GET /game/20260524_122340_R6C21N HTTP/1.1" 200 61539
[24/May/2026 08:13:05] "POST /update_game/ HTTP/1.1" 200 89
[24/May/2026 08:13:05] "POST /update_game/ HTTP/1.1" 200 65
[24/May/2026 08:13:05] "GET /game/20260524_122340_R6C21N HTTP/1.1" 200 61256
[24/May/2026 08:13:12] "POST /update_game/ HTTP/1.1" 200 65
[24/May/2026 08:13:12] "GET /game/20260524_122340_R6C21N HTTP/1.1" 200 61195
[24/May/2026 08:13:38] "POST /update_game/ HTTP/1.1" 200 88
[24/May/2026 08:13:38] "GET /game/20260524_122340_R6C21N HTTP/1.1" 200 61252
[24/May/2026 08:13:51] "POST /update_game/ HTTP/1.1" 200 88
[24/May/2026 08:13:52] "GET /game/20260524_122340_R6C21N HTTP/1.1" 200 61310
[24/May/2026 08:14:09] "POST /update_game/ HTTP/1.1" 200 64
[24/May/2026 08:14:10] "GET /game/20260524_122340_R6C21N HTTP/1.1" 200 61367
[24/May/2026 08:14:30] "POST /update_game/ HTTP/1.1" 200 87
[24/May/2026 08:14:31] "GET /game/20260524_122340_R6C21N HTTP/1.1" 200 61425
[24/May/2026 08:15:00] "POST /update_game/ HTTP/1.1" 200 87
[24/May/2026 08:15:00] "POST /update_game/ HTTP/1.1" 200 64
[24/May/2026 08:15:00] "GET /game/20260524_122340_R6C21N HTTP/1.1" 200 61482
[24/May/2026 08:15:08] "POST /undo_data/ HTTP/1.1" 200 55
[24/May/2026 08:15:08] "GET /game/20260524_122340_R6C21N HTTP/1.1" 200 61425
[24/May/2026 08:15:13] "POST /update_game/ HTTP/1.1" 200 87
[24/May/2026 08:15:13] "POST /update_game/ HTTP/1.1" 200 64
[24/May/2026 08:15:13] "GET /game/20260524_122340_R6C21N HTTP/1.1" 200 61482
[24/May/2026 08:15:30] "POST /update_game/ HTTP/1.1" 200 87
[24/May/2026 08:15:31] "GET /game/20260524_122340_R6C21N HTTP/1.1" 200 61540
[24/May/2026 08:15:39] "POST /update_game/ HTTP/1.1" 200 87
[24/May/2026 08:15:39] "GET /game/20260524_122340_R6C21N HTTP/1.1" 200 61597
[24/May/2026 08:15:56] "POST /update_game/ HTTP/1.1" 200 87
[24/May/2026 08:15:56] "GET /game/20260524_122340_R6C21N HTTP/1.1" 200 61654
[24/May/2026 08:16:14] "POST /update_game/ HTTP/1.1" 200 88
[24/May/2026 08:16:15] "GET /game/20260524_122340_R6C21N HTTP/1.1" 200 61714
[24/May/2026 08:16:38] "POST /update_game/ HTTP/1.1" 200 89
[24/May/2026 08:16:38] "POST /update_game/ HTTP/1.1" 200 65
[24/May/2026 08:16:38] "POST /update_game/ HTTP/1.1" 200 65
[24/May/2026 08:16:38] "GET /game/20260524_122340_R6C21N HTTP/1.1" 200 61257
[24/May/2026 08:16:53] "POST /update_game/ HTTP/1.1" 200 65
[24/May/2026 08:16:53] "GET /game/20260524_122340_R6C21N HTTP/1.1" 200 61196
[24/May/2026 08:17:31] "POST /update_game/ HTTP/1.1" 200 65
[24/May/2026 08:17:31] "GET /game/20260524_122340_R6C21N HTTP/1.1" 200 61196
[24/May/2026 08:17:35] "POST /update_game/ HTTP/1.1" 200 88
[24/May/2026 08:17:35] "GET /game/20260524_122340_R6C21N HTTP/1.1" 200 61258
[24/May/2026 08:17:46] "POST /update_game/ HTTP/1.1" 200 88
[24/May/2026 08:17:46] "GET /game/20260524_122340_R6C21N HTTP/1.1" 200 61315
[24/May/2026 08:18:04] "POST /update_game/ HTTP/1.1" 200 88
[24/May/2026 08:18:04] "GET /game/20260524_122340_R6C21N HTTP/1.1" 200 61372
[24/May/2026 08:18:34] "POST /update_game/ HTTP/1.1" 200 88
[24/May/2026 08:18:34] "GET /game/20260524_122340_R6C21N HTTP/1.1" 200 61431
[24/May/2026 08:18:49] "POST /update_game/ HTTP/1.1" 200 88
[24/May/2026 08:18:49] "GET /game/20260524_122340_R6C21N HTTP/1.1" 200 61491
[24/May/2026 08:19:01] "POST /update_game/ HTTP/1.1" 200 89
[24/May/2026 08:19:01] "POST /update_game/ HTTP/1.1" 200 65
[24/May/2026 08:19:01] "GET /game/20260524_122340_R6C21N HTTP/1.1" 200 61265
[24/May/2026 08:19:07] "POST /update_game/ HTTP/1.1" 200 65
[24/May/2026 08:19:07] "GET /game/20260524_122340_R6C21N HTTP/1.1" 200 61205
[24/May/2026 08:19:28] "POST /update_game/ HTTP/1.1" 200 88
[24/May/2026 08:19:28] "GET /game/20260524_122340_R6C21N HTTP/1.1" 200 61262
[24/May/2026 08:19:51] "POST /update_game/ HTTP/1.1" 200 88
[24/May/2026 08:19:51] "GET /game/20260524_122340_R6C21N HTTP/1.1" 200 61322
[24/May/2026 08:20:17] "POST /update_game/ HTTP/1.1" 200 88
[24/May/2026 08:20:17] "GET /game/20260524_122340_R6C21N HTTP/1.1" 200 61379
[24/May/2026 08:20:25] "POST /update_game/ HTTP/1.1" 200 88
[24/May/2026 08:20:26] "GET /game/20260524_122340_R6C21N HTTP/1.1" 200 61436
[24/May/2026 08:20:48] "POST /update_game/ HTTP/1.1" 200 88
[24/May/2026 08:20:48] "GET /game/20260524_122340_R6C21N HTTP/1.1" 200 61496
[24/May/2026 08:22:12] "POST /update_game/ HTTP/1.1" 200 89
[24/May/2026 08:22:12] "POST /update_game/ HTTP/1.1" 200 65
[24/May/2026 08:22:12] "POST /update_game/ HTTP/1.1" 200 65
[24/May/2026 08:22:12] "GET /game/20260524_122340_R6C21N HTTP/1.1" 200 61272
[24/May/2026 08:22:12] "GET /game/20260524_122340_R6C21N HTTP/1.1" 200 61272
[24/May/2026 08:22:33] "POST /update_game/ HTTP/1.1" 200 65
[24/May/2026 08:22:33] "GET /game/20260524_122340_R6C21N HTTP/1.1" 200 61211
[24/May/2026 08:22:44] "POST /update_game/ HTTP/1.1" 200 88
[24/May/2026 08:22:44] "GET /game/20260524_122340_R6C21N HTTP/1.1" 200 61249
[24/May/2026 08:22:57] "POST /update_game/ HTTP/1.1" 200 65
[24/May/2026 08:22:58] "GET /game/20260524_122340_R6C21N HTTP/1.1" 200 61125
[24/May/2026 08:23:27] "POST /update_game/ HTTP/1.1" 200 88
[24/May/2026 08:23:27] "GET /game/20260524_122340_R6C21N HTTP/1.1" 200 61164
[24/May/2026 08:23:33] "POST /update_game/ HTTP/1.1" 200 65
[24/May/2026 08:23:33] "GET /game/20260524_122340_R6C21N HTTP/1.1" 200 61154
[24/May/2026 08:23:37] "POST /update_game/ HTTP/1.1" 200 65
[24/May/2026 08:23:37] "GET /game/20260524_122340_R6C21N HTTP/1.1" 200 61038
[24/May/2026 08:23:40] "GET / HTTP/1.1" 200 37376
Not Found: /favicon.ico
[24/May/2026 08:23:41] "GET /favicon.ico HTTP/1.1" 404 4232
[24/May/2026 08:24:14,241] - Broken pipe from ('106.202.109.81', 46980)
[24/May/2026 08:24:14,248] - Broken pipe from ('106.202.109.81', 60238)
[24/May/2026 08:24:25] "POST /update_game/ HTTP/1.1" 200 88
[24/May/2026 08:24:26] "GET /game/20260524_122340_R6C21N HTTP/1.1" 200 61095
[24/May/2026 08:24:58] "POST /update_game/ HTTP/1.1" 200 88
[24/May/2026 08:24:58] "GET /game/20260524_122340_R6C21N HTTP/1.1" 200 61152
[24/May/2026 08:25:14] "POST /update_game/ HTTP/1.1" 200 88
[24/May/2026 08:25:14] "GET /game/20260524_122340_R6C21N HTTP/1.1" 200 61209
[24/May/2026 08:25:26] "POST /update_game/ HTTP/1.1" 200 89
[24/May/2026 08:25:26] "POST /update_game/ HTTP/1.1" 200 65
[24/May/2026 08:25:26] "GET /game/20260524_122340_R6C21N HTTP/1.1" 200 60984
[24/May/2026 08:25:38] "POST /update_game/ HTTP/1.1" 200 65
[24/May/2026 08:25:39] "GET /game/20260524_122340_R6C21N HTTP/1.1" 200 60924
[24/May/2026 08:25:53] "GET /game/20260524_122340_R6C21N HTTP/1.1" 200 60924
[24/May/2026 08:25:56] "POST /update_game/ HTTP/1.1" 200 65
[24/May/2026 08:25:56] "GET /game/20260524_122340_R6C21N HTTP/1.1" 200 60924
[24/May/2026 08:25:59] "POST /update_game/ HTTP/1.1" 200 65
[24/May/2026 08:26:00] "GET /game/20260524_122340_R6C21N HTTP/1.1" 200 60924
[24/May/2026 08:26:09] "POST /update_game/ HTTP/1.1" 200 88
[24/May/2026 08:26:09] "GET /game/20260524_122340_R6C21N HTTP/1.1" 200 60982
[24/May/2026 08:26:16] "POST /update_game/ HTTP/1.1" 200 88
[24/May/2026 08:26:16] "GET /game/20260524_122340_R6C21N HTTP/1.1" 200 61039
[24/May/2026 08:26:19,875] - Broken pipe from ('106.202.109.81', 48876)
[24/May/2026 08:26:19,875] - Broken pipe from ('106.202.109.81', 48860)
[24/May/2026 08:26:24] "POST /update_game/ HTTP/1.1" 200 88
[24/May/2026 08:26:24] "GET /game/20260524_122340_R6C21N HTTP/1.1" 200 61096
[24/May/2026 08:26:38] "POST /update_game/ HTTP/1.1" 200 88
[24/May/2026 08:26:38] "POST /update_game/ HTTP/1.1" 200 65
[24/May/2026 08:26:38] "GET /game/20260524_122340_R6C21N HTTP/1.1" 200 61153
[24/May/2026 08:26:51] "POST /update_game/ HTTP/1.1" 200 88
[24/May/2026 08:26:51] "POST /update_game/ HTTP/1.1" 200 65
[24/May/2026 08:26:51] "GET /game/20260524_122340_R6C21N HTTP/1.1" 200 61210
[24/May/2026 08:27:04] "POST /update_game/ HTTP/1.1" 200 88
[24/May/2026 08:27:04] "GET /game/20260524_122340_R6C21N HTTP/1.1" 200 61267
[24/May/2026 08:27:15] "POST /update_game/ HTTP/1.1" 200 89
[24/May/2026 08:27:15] "POST /update_game/ HTTP/1.1" 200 65
[24/May/2026 08:27:15] "GET /game/20260524_122340_R6C21N HTTP/1.1" 200 60984
[24/May/2026 08:27:19] "POST /undo_data/ HTTP/1.1" 200 55
[24/May/2026 08:27:20] "GET /game/20260524_122340_R6C21N HTTP/1.1" 200 61267
[24/May/2026 08:27:44] "POST /update_game/ HTTP/1.1" 200 89
[24/May/2026 08:27:44] "POST /update_game/ HTTP/1.1" 200 65
[24/May/2026 08:27:44] "GET /game/20260524_122340_R6C21N HTTP/1.1" 200 60984
[24/May/2026 08:27:56] "POST /update_game/ HTTP/1.1" 200 65
[24/May/2026 08:27:57] "GET /game/20260524_122340_R6C21N HTTP/1.1" 200 60924
[24/May/2026 08:28:19] "POST /update_game/ HTTP/1.1" 200 88
[24/May/2026 08:28:19] "GET /game/20260524_122340_R6C21N HTTP/1.1" 200 60981
[24/May/2026 08:28:50] "POST /update_game/ HTTP/1.1" 200 88
[24/May/2026 08:28:50] "GET /game/20260524_122340_R6C21N HTTP/1.1" 200 61038
[24/May/2026 08:29:11] "POST /update_game/ HTTP/1.1" 200 88
[24/May/2026 08:29:11] "GET /game/20260524_122340_R6C21N HTTP/1.1" 200 61095
[24/May/2026 08:29:34] "POST /update_game/ HTTP/1.1" 200 88
[24/May/2026 08:29:35] "GET /game/20260524_122340_R6C21N HTTP/1.1" 200 61154
[24/May/2026 08:29:57] "POST /update_game/ HTTP/1.1" 200 88
[24/May/2026 08:29:57] "GET /game/20260524_122340_R6C21N HTTP/1.1" 200 61192
[24/May/2026 08:30:03] "POST /update_game/ HTTP/1.1" 200 65
[24/May/2026 08:30:03] "GET /game/20260524_122340_R6C21N HTTP/1.1" 200 61192
[24/May/2026 08:30:22] "POST /update_game/ HTTP/1.1" 200 89
[24/May/2026 08:30:22] "GET /game/20260524_122340_R6C21N HTTP/1.1" 200 60966
[24/May/2026 08:31:05] "POST /update_game/ HTTP/1.1" 200 65
[24/May/2026 08:31:05] "GET /game/20260524_122340_R6C21N HTTP/1.1" 200 60905
[24/May/2026 08:31:07] "POST /update_game/ HTTP/1.1" 200 86
[24/May/2026 08:31:07] "GET /game/20260524_122340_R6C21N HTTP/1.1" 200 61796
[24/May/2026 08:32:20] "POST /update_game/ HTTP/1.1" 200 63
[24/May/2026 08:32:21] "GET /game/20260524_122340_R6C21N HTTP/1.1" 200 61672
[24/May/2026 08:32:51] "POST /update_game/ HTTP/1.1" 200 63
[24/May/2026 08:32:51] "GET /game/20260524_122340_R6C21N HTTP/1.1" 200 61546
[24/May/2026 08:32:58] "POST /update_game/ HTTP/1.1" 200 63
[24/May/2026 08:32:58] "GET /game/20260524_122340_R6C21N HTTP/1.1" 200 61482
[24/May/2026 08:33:03] "GET /matches HTTP/1.1" 301 0
[24/May/2026 08:33:04] "GET /matches/ HTTP/1.1" 200 42211
[24/May/2026 08:33:11] "GET /game/20260524_122340_R6C21N HTTP/1.1" 200 61482
[24/May/2026 08:33:23] "POST /update_game/ HTTP/1.1" 200 86
[24/May/2026 08:33:23] "GET /game/20260524_122340_R6C21N HTTP/1.1" 200 61540
[24/May/2026 08:33:34] "POST /update_game/ HTTP/1.1" 200 86
[24/May/2026 08:33:35] "GET /game/20260524_122340_R6C21N HTTP/1.1" 200 61597
[24/May/2026 08:34:10] "POST /update_game/ HTTP/1.1" 200 86
[24/May/2026 08:34:10] "POST /update_game/ HTTP/1.1" 200 63
[24/May/2026 08:34:10] "GET /game/20260524_122340_R6C21N HTTP/1.1" 200 61654
[24/May/2026 08:34:23] "POST /update_game/ HTTP/1.1" 200 86
[24/May/2026 08:34:23] "GET /game/20260524_122340_R6C21N HTTP/1.1" 200 61712
[24/May/2026 08:34:33] "POST /update_game/ HTTP/1.1" 200 86
[24/May/2026 08:34:33] "GET /game/20260524_122340_R6C21N HTTP/1.1" 200 61772
[24/May/2026 08:34:58] "POST /update_game/ HTTP/1.1" 200 86
[24/May/2026 08:34:59] "GET /game/20260524_122340_R6C21N HTTP/1.1" 200 61829
[24/May/2026 08:35:27] "POST /update_game/ HTTP/1.1" 200 86
[24/May/2026 08:35:27] "GET /game/20260524_122340_R6C21N HTTP/1.1" 200 61886
[24/May/2026 08:35:29] "POST /undo_data/ HTTP/1.1" 200 55
[24/May/2026 08:35:29] "GET /game/20260524_122340_R6C21N HTTP/1.1" 200 61829
[24/May/2026 08:35:30] "POST /update_game/ HTTP/1.1" 200 86
[24/May/2026 08:35:30] "GET /game/20260524_122340_R6C21N HTTP/1.1" 200 61865
[24/May/2026 08:35:40] "POST /update_game/ HTTP/1.1" 200 63
[24/May/2026 08:35:41] "GET /game/20260524_122340_R6C21N HTTP/1.1" 200 61741
[24/May/2026 08:35:56] "POST /update_game/ HTTP/1.1" 200 87
[24/May/2026 08:35:57] "POST /update_game/ HTTP/1.1" 200 63
[24/May/2026 08:35:57] "POST /update_game/ HTTP/1.1" 200 63
[24/May/2026 08:35:57] "GET /game/20260524_122340_R6C21N HTTP/1.1" 200 61403
[24/May/2026 08:36:12] "POST /update_game/ HTTP/1.1" 200 63
[24/May/2026 08:36:12] "GET /game/20260524_122340_R6C21N HTTP/1.1" 200 61344
[24/May/2026 08:36:19] "POST /update_game/ HTTP/1.1" 200 63
[24/May/2026 08:36:19] "GET /game/20260524_122340_R6C21N HTTP/1.1" 200 61344
[24/May/2026 08:36:32] "POST /update_game/ HTTP/1.1" 200 86
[24/May/2026 08:36:32] "GET /game/20260524_122340_R6C21N HTTP/1.1" 200 61402
[24/May/2026 08:36:49] "POST /update_game/ HTTP/1.1" 200 63
[24/May/2026 08:36:49] "GET /game/20260524_122340_R6C21N HTTP/1.1" 200 61460
[24/May/2026 08:37:17] "POST /update_game/ HTTP/1.1" 200 86
[24/May/2026 08:37:18] "GET /game/20260524_122340_R6C21N HTTP/1.1" 200 61518
[24/May/2026 08:37:42] "POST /update_game/ HTTP/1.1" 200 86
[24/May/2026 08:37:42] "GET /game/20260524_122340_R6C21N HTTP/1.1" 200 61575
[24/May/2026 08:38:03] "POST /update_game/ HTTP/1.1" 200 86
[24/May/2026 08:38:03] "GET /game/20260524_122340_R6C21N HTTP/1.1" 200 61632
[24/May/2026 08:38:29] "POST /update_game/ HTTP/1.1" 200 86
[24/May/2026 08:38:29] "POST /update_game/ HTTP/1.1" 200 63
[24/May/2026 08:38:29] "GET /game/20260524_122340_R6C21N HTTP/1.1" 200 61689
[24/May/2026 08:38:52] "POST /update_game/ HTTP/1.1" 200 86
[24/May/2026 08:38:52] "GET /game/20260524_122340_R6C21N HTTP/1.1" 200 61749
[24/May/2026 08:39:09,207] - Broken pipe from ('106.202.109.81', 46037)
[24/May/2026 08:39:09,213] - Broken pipe from ('106.202.109.81', 37774)
[24/May/2026 08:39:28] "POST /update_game/ HTTP/1.1" 200 86
[24/May/2026 08:39:28] "GET /game/20260524_122340_R6C21N HTTP/1.1" 200 61785
[24/May/2026 08:39:44] "POST /update_game/ HTTP/1.1" 200 63
[24/May/2026 08:39:45] "GET /game/20260524_122340_R6C21N HTTP/1.1" 200 61661
[24/May/2026 08:40:00] "POST /update_game/ HTTP/1.1" 200 86
[24/May/2026 08:40:00] "GET /game/20260524_122340_R6C21N HTTP/1.1" 200 61719
[24/May/2026 08:40:11] "POST /update_game/ HTTP/1.1" 200 87
[24/May/2026 08:40:11] "POST /update_game/ HTTP/1.1" 200 63
[24/May/2026 08:40:12] "GET /game/20260524_122340_R6C21N HTTP/1.1" 200 61261
[24/May/2026 08:40:16] "POST /update_game/ HTTP/1.1" 200 63
[24/May/2026 08:40:16] "GET /game/20260524_122340_R6C21N HTTP/1.1" 200 61198
[24/May/2026 08:41:38] "POST /update_game/ HTTP/1.1" 200 86
[24/May/2026 08:41:38] "GET /game/20260524_122340_R6C21N HTTP/1.1" 200 61255
[24/May/2026 08:41:40] "POST /update_game/ HTTP/1.1" 200 63
[24/May/2026 08:41:40] "GET /game/20260524_122340_R6C21N HTTP/1.1" 200 61255
[24/May/2026 08:41:57] "POST /update_game/ HTTP/1.1" 200 86
[24/May/2026 08:41:57] "GET /game/20260524_122340_R6C21N HTTP/1.1" 200 61312
[24/May/2026 08:42:10] "POST /update_game/ HTTP/1.1" 200 86
[24/May/2026 08:42:11] "GET /game/20260524_122340_R6C21N HTTP/1.1" 200 61369
[24/May/2026 08:42:35] "POST /update_game/ HTTP/1.1" 200 86
[24/May/2026 08:42:35] "GET /game/20260524_122340_R6C21N HTTP/1.1" 200 61428
[24/May/2026 08:42:46] "POST /update_game/ HTTP/1.1" 200 86
[24/May/2026 08:42:47] "GET /game/20260524_122340_R6C21N HTTP/1.1" 200 61485
[24/May/2026 08:43:17] "POST /update_game/ HTTP/1.1" 200 87
[24/May/2026 08:43:17] "POST /update_game/ HTTP/1.1" 200 63
[24/May/2026 08:43:17] "GET /game/20260524_122340_R6C21N HTTP/1.1" 200 61262
[24/May/2026 08:43:26] "POST /update_game/ HTTP/1.1" 200 63
[24/May/2026 08:43:26] "GET /game/20260524_122340_R6C21N HTTP/1.1" 200 61203
[24/May/2026 08:45:08] "POST /update_game/ HTTP/1.1" 200 86
[24/May/2026 08:45:08] "GET /game/20260524_122340_R6C21N HTTP/1.1" 200 61265
[24/May/2026 08:45:42] "POST /update_game/ HTTP/1.1" 200 86
[24/May/2026 08:45:43] "GET /game/20260524_122340_R6C21N HTTP/1.1" 200 61322
[24/May/2026 08:46:02] "POST /update_game/ HTTP/1.1" 200 63
[24/May/2026 08:46:02] "GET /game/20260524_122340_R6C21N HTTP/1.1" 200 61380
[24/May/2026 08:46:40] "POST /update_game/ HTTP/1.1" 200 86
[24/May/2026 08:46:40] "POST /update_game/ HTTP/1.1" 200 63
[24/May/2026 08:46:40] "GET /game/20260524_122340_R6C21N HTTP/1.1" 200 61440
[24/May/2026 08:47:01] "POST /update_game/ HTTP/1.1" 200 86
[24/May/2026 08:47:01] "POST /update_game/ HTTP/1.1" 200 63
[24/May/2026 08:47:02] "GET /game/20260524_122340_R6C21N HTTP/1.1" 200 61499
[24/May/2026 08:47:32] "POST /update_game/ HTTP/1.1" 200 86
[24/May/2026 08:47:32] "POST /update_game/ HTTP/1.1" 200 63
[24/May/2026 08:47:32] "GET /game/20260524_122340_R6C21N HTTP/1.1" 200 61556
[24/May/2026 08:48:01] "POST /update_game/ HTTP/1.1" 200 87
[24/May/2026 08:48:02] "POST /update_game/ HTTP/1.1" 200 63
[24/May/2026 08:48:02] "POST /update_game/ HTTP/1.1" 200 63
[24/May/2026 08:48:02] "GET /game/20260524_122340_R6C21N HTTP/1.1" 200 61270
[24/May/2026 08:48:22] "POST /update_game/ HTTP/1.1" 200 63
[24/May/2026 08:48:22] "GET /game/20260524_122340_R6C21N HTTP/1.1" 200 61208
[24/May/2026 08:48:33] "POST /update_game/ HTTP/1.1" 200 63
[24/May/2026 08:48:34] "GET /game/20260524_122340_R6C21N HTTP/1.1" 200 61208
[24/May/2026 08:48:37] "POST /update_game/ HTTP/1.1" 200 86
[24/May/2026 08:48:37] "POST /update_game/ HTTP/1.1" 200 63
[24/May/2026 08:48:37] "GET /game/20260524_122340_R6C21N HTTP/1.1" 200 61265
[24/May/2026 08:49:00] "POST /update_game/ HTTP/1.1" 200 85
[24/May/2026 08:49:00] "GET /game/20260524_122340_R6C21N HTTP/1.1" 200 61321
[24/May/2026 08:49:31] "POST /update_game/ HTTP/1.1" 200 85
[24/May/2026 08:49:31] "POST /update_game/ HTTP/1.1" 200 62
[24/May/2026 08:49:31] "GET /game/20260524_122340_R6C21N HTTP/1.1" 200 61378
[24/May/2026 08:49:35] "GET /game/20260524_122340_R6C21N HTTP/1.1" 200 61378
[24/May/2026 08:49:46] "POST /update_game/ HTTP/1.1" 200 85
[24/May/2026 08:49:46] "GET /game/20260524_122340_R6C21N HTTP/1.1" 200 61436
[24/May/2026 08:49:55] "POST /undo_data/ HTTP/1.1" 200 55
[24/May/2026 08:49:55] "GET /game/20260524_122340_R6C21N HTTP/1.1" 200 61378
[24/May/2026 08:49:58] "POST /update_game/ HTTP/1.1" 200 85
[24/May/2026 08:49:58] "GET /game/20260524_122340_R6C21N HTTP/1.1" 200 61438
[24/May/2026 08:50:08] "POST /update_game/ HTTP/1.1" 200 85
[24/May/2026 08:50:09] "POST /update_game/ HTTP/1.1" 200 62
[24/May/2026 08:50:09] "GET /game/20260524_122340_R6C21N HTTP/1.1" 200 61495
[24/May/2026 08:50:21] "POST /update_game/ HTTP/1.1" 200 86
[24/May/2026 08:50:21] "POST /update_game/ HTTP/1.1" 200 62
[24/May/2026 08:50:21] "POST /update_game/ HTTP/1.1" 200 62
[24/May/2026 08:50:21] "GET /game/20260524_122340_R6C21N HTTP/1.1" 200 61272
[24/May/2026 08:50:21] "GET /game/20260524_122340_R6C21N HTTP/1.1" 200 61272
[24/May/2026 08:50:21] "GET /game/20260524_122340_R6C21N HTTP/1.1" 200 61272
[24/May/2026 08:50:22] "POST /undo_data/ HTTP/1.1" 200 55
[24/May/2026 08:50:22] "GET /game/20260524_122340_R6C21N HTTP/1.1" 200 61495
[24/May/2026 08:50:24] "POST /update_game/ HTTP/1.1" 200 85
[24/May/2026 08:50:24] "GET /game/20260524_122340_R6C21N HTTP/1.1" 200 61553
[24/May/2026 08:50:33] "POST /update_game/ HTTP/1.1" 200 86
[24/May/2026 08:50:34] "POST /update_game/ HTTP/1.1" 200 62
[24/May/2026 08:50:34] "GET /game/20260524_122340_R6C21N HTTP/1.1" 200 61272
[24/May/2026 08:50:47] "POST /update_game/ HTTP/1.1" 200 62
[24/May/2026 08:50:47] "GET /game/20260524_122340_R6C21N HTTP/1.1" 200 61211
[24/May/2026 08:51:01] "POST /update_game/ HTTP/1.1" 200 62
[24/May/2026 08:51:01] "GET /game/20260524_122340_R6C21N HTTP/1.1" 200 61269
[24/May/2026 08:51:42] "POST /update_game/ HTTP/1.1" 200 85
[24/May/2026 08:51:42] "GET /game/20260524_122340_R6C21N HTTP/1.1" 200 61326
[24/May/2026 08:51:58] "POST /update_game/ HTTP/1.1" 200 84
[24/May/2026 08:51:58] "GET /game/20260524_122340_R6C21N HTTP/1.1" 200 61382
[24/May/2026 08:53:42] "POST /update_game/ HTTP/1.1" 200 34
[24/May/2026 08:53:42] "GET /game/20260524_122340_R6C21N HTTP/1.1" 200 61404
[24/May/2026 08:53:50] "GET /game/20260524_122340_R6C21N HTTP/1.1" 200 61404
[24/May/2026 08:53:56] "GET / HTTP/1.1" 200 37382
[24/May/2026 08:53:58] "GET /create_game/ HTTP/1.1" 200 21446
[24/May/2026 08:54:42,543] - Broken pipe from ('152.57.136.18', 37644)
[24/May/2026 08:54:42,544] - Broken pipe from ('152.57.136.18', 37636)
/home/ubuntu/QuickWicketAWS/newenv/venv/lib/python3.14/site-packages/django/db/models/fields/__init__.py:1595: RuntimeWarning: DateTimeField Match.created_on received a naive datetime (2026-05-24 08:55:13.340049) while time zone support is active.
  warnings.warn(
/home/ubuntu/QuickWicketAWS/newenv/venv/lib/python3.14/site-packages/django/db/models/fields/__init__.py:1595: RuntimeWarning: DateTimeField HistoricalMatch.created_on received a naive datetime (2026-05-24 08:55:13.340049) while time zone support is active.
  warnings.warn(
[24/May/2026 08:55:13] "POST /begin_game/ HTTP/1.1" 200 78
[24/May/2026 08:55:13] "GET /game/20260524_142513_im9ouk HTTP/1.1" 200 64707
[24/May/2026 08:55:20] "GET /players/ HTTP/1.1" 200 73414
[24/May/2026 08:55:29] "GET /matches/ HTTP/1.1" 200 42604
[24/May/2026 08:55:33] "GET /game/20260524_142513_im9ouk HTTP/1.1" 200 64707
[24/May/2026 08:55:42] "POST /update_game/ HTTP/1.1" 200 52
[24/May/2026 08:55:42] "GET /game/20260524_142513_im9ouk HTTP/1.1" 200 64577
[24/May/2026 08:55:49] "POST /update_game/ HTTP/1.1" 200 52
[24/May/2026 08:55:49] "GET /game/20260524_142513_im9ouk HTTP/1.1" 200 64457
[24/May/2026 08:56:31] "POST /update_game/ HTTP/1.1" 200 52
[24/May/2026 08:56:31] "GET /game/20260524_142513_im9ouk HTTP/1.1" 200 64396
[24/May/2026 08:56:34] "POST /update_game/ HTTP/1.1" 200 52
[24/May/2026 08:56:34] "GET /game/20260524_142513_im9ouk HTTP/1.1" 200 64396
[24/May/2026 08:56:51] "POST /update_game/ HTTP/1.1" 200 52
[24/May/2026 08:56:52] "GET /game/20260524_142513_im9ouk HTTP/1.1" 200 64396
[24/May/2026 08:57:28] "POST /update_game/ HTTP/1.1" 200 87
[24/May/2026 08:57:28] "GET /game/20260524_142513_im9ouk HTTP/1.1" 200 64465
[24/May/2026 08:58:19] "POST /update_game/ HTTP/1.1" 200 87
[24/May/2026 08:58:19] "GET /game/20260524_142513_im9ouk HTTP/1.1" 200 64522
[24/May/2026 08:58:31] "POST /update_game/ HTTP/1.1" 200 87
[24/May/2026 08:58:31] "GET /game/20260524_142513_im9ouk HTTP/1.1" 200 64579
[24/May/2026 08:58:46] "POST /update_game/ HTTP/1.1" 200 87
[24/May/2026 08:58:46] "GET /game/20260524_142513_im9ouk HTTP/1.1" 200 64636
[24/May/2026 08:59:06] "POST /update_game/ HTTP/1.1" 200 87
[24/May/2026 08:59:06] "GET /game/20260524_142513_im9ouk HTTP/1.1" 200 64668
[24/May/2026 08:59:11] "POST /update_game/ HTTP/1.1" 200 64
[24/May/2026 08:59:12] "GET /game/20260524_142513_im9ouk HTTP/1.1" 200 64548
[24/May/2026 08:59:23] "POST /update_game/ HTTP/1.1" 200 88
[24/May/2026 08:59:23] "POST /update_game/ HTTP/1.1" 200 64
[24/May/2026 08:59:23] "GET /game/20260524_142513_im9ouk HTTP/1.1" 200 64324
[24/May/2026 08:59:23] "GET /game/20260524_142513_im9ouk HTTP/1.1" 200 64324
[24/May/2026 08:59:33] "POST /update_game/ HTTP/1.1" 200 64
[24/May/2026 08:59:33] "GET /game/20260524_142513_im9ouk HTTP/1.1" 200 64263
[24/May/2026 08:59:55] "POST /update_game/ HTTP/1.1" 200 87
[24/May/2026 08:59:56] "GET /game/20260524_142513_im9ouk HTTP/1.1" 200 64321
[24/May/2026 09:00:25] "POST /update_game/ HTTP/1.1" 200 87
[24/May/2026 09:00:25] "GET /game/20260524_142513_im9ouk HTTP/1.1" 200 64379
[24/May/2026 09:00:46] "POST /update_game/ HTTP/1.1" 200 87
[24/May/2026 09:00:46] "GET /game/20260524_142513_im9ouk HTTP/1.1" 200 64421
[24/May/2026 09:00:49] "POST /update_game/ HTTP/1.1" 200 64
[24/May/2026 09:00:49] "GET /game/20260524_142513_im9ouk HTTP/1.1" 200 64293
[24/May/2026 09:01:05] "POST /update_game/ HTTP/1.1" 200 87
[24/May/2026 09:01:05] "POST /update_game/ HTTP/1.1" 200 64
[24/May/2026 09:01:05] "GET /game/20260524_142513_im9ouk HTTP/1.1" 200 64350
[24/May/2026 09:01:13] "POST /update_game/ HTTP/1.1" 200 88
[24/May/2026 09:01:13] "GET /game/20260524_142513_im9ouk HTTP/1.1" 200 64410
[24/May/2026 09:01:44] "POST /update_game/ HTTP/1.1" 200 88
[24/May/2026 09:01:44] "POST /update_game/ HTTP/1.1" 200 65
[24/May/2026 09:01:44] "GET /game/20260524_142513_im9ouk HTTP/1.1" 200 64467
[24/May/2026 09:02:02] "POST /update_game/ HTTP/1.1" 200 88
[24/May/2026 09:02:02] "GET /game/20260524_142513_im9ouk HTTP/1.1" 200 64524
[24/May/2026 09:02:23] "POST /update_game/ HTTP/1.1" 200 88
[24/May/2026 09:02:23] "GET /game/20260524_142513_im9ouk HTTP/1.1" 200 64586
[24/May/2026 09:03:03] "POST /update_game/ HTTP/1.1" 200 89
[24/May/2026 09:03:03] "GET /game/20260524_142513_im9ouk HTTP/1.1" 200 64162
[24/May/2026 09:03:14] "POST /update_game/ HTTP/1.1" 200 65
[24/May/2026 09:03:14] "GET /game/20260524_142513_im9ouk HTTP/1.1" 200 64032
[24/May/2026 09:03:19] "POST /update_game/ HTTP/1.1" 200 65
[24/May/2026 09:03:20] "GET /game/20260524_142513_im9ouk HTTP/1.1" 200 64032
[24/May/2026 09:03:22] "GET /matches/ HTTP/1.1" 200 42604
[24/May/2026 09:03:25] "GET /game/20260524_142513_im9ouk HTTP/1.1" 200 64032
[24/May/2026 09:03:47] "POST /update_game/ HTTP/1.1" 200 65
[24/May/2026 09:03:48] "GET /game/20260524_142513_im9ouk HTTP/1.1" 200 63971
[24/May/2026 09:03:55] "POST /update_game/ HTTP/1.1" 200 88
[24/May/2026 09:03:55] "GET /game/20260524_142513_im9ouk HTTP/1.1" 200 64030
[24/May/2026 09:04:11] "GET /game/20260524_142513_im9ouk HTTP/1.1" 200 64030
[24/May/2026 09:04:28] "POST /update_game/ HTTP/1.1" 200 88
[24/May/2026 09:04:28] "GET /game/20260524_142513_im9ouk HTTP/1.1" 200 64087
[24/May/2026 09:04:44] "POST /update_game/ HTTP/1.1" 200 88
[24/May/2026 09:04:44] "GET /game/20260524_142513_im9ouk HTTP/1.1" 200 64144
[24/May/2026 09:04:52] "GET /game/20260524_142513_im9ouk HTTP/1.1" 200 64144
[24/May/2026 09:04:57] "POST /update_game/ HTTP/1.1" 200 88
[24/May/2026 09:04:57] "GET /game/20260524_142513_im9ouk HTTP/1.1" 200 64203
[24/May/2026 09:04:59,908] - Broken pipe from ('152.57.136.18', 49190)
[24/May/2026 09:04:59,908] - Broken pipe from ('152.57.136.18', 58474)
[24/May/2026 09:05:41] "POST /update_game/ HTTP/1.1" 200 88
[24/May/2026 09:05:41] "GET /game/20260524_142513_im9ouk HTTP/1.1" 200 64263
[24/May/2026 09:08:02] "POST /update_game/ HTTP/1.1" 200 65
[24/May/2026 09:08:03] "GET /game/20260524_142513_im9ouk HTTP/1.1" 200 64321
[24/May/2026 09:08:42] "POST /update_game/ HTTP/1.1" 200 88
[24/May/2026 09:08:42] "GET /game/20260524_142513_im9ouk HTTP/1.1" 200 64379
[24/May/2026 09:09:17] "POST /update_game/ HTTP/1.1" 200 89
[24/May/2026 09:09:17] "POST /update_game/ HTTP/1.1" 200 65
[24/May/2026 09:09:17] "GET /game/20260524_142513_im9ouk HTTP/1.1" 200 64037
[24/May/2026 09:09:30] "POST /update_game/ HTTP/1.1" 200 65
[24/May/2026 09:09:30] "GET /game/20260524_142513_im9ouk HTTP/1.1" 200 63977
[24/May/2026 09:10:35] "POST /update_game/ HTTP/1.1" 200 65
[24/May/2026 09:10:36] "GET /game/20260524_142513_im9ouk HTTP/1.1" 200 64035
[24/May/2026 09:10:43] "POST /update_game/ HTTP/1.1" 200 88
[24/May/2026 09:10:43] "POST /update_game/ HTTP/1.1" 200 65
[24/May/2026 09:10:43] "GET /game/20260524_142513_im9ouk HTTP/1.1" 200 64092
[24/May/2026 09:11:13] "POST /update_game/ HTTP/1.1" 200 65
[24/May/2026 09:11:13] "GET /game/20260524_142513_im9ouk HTTP/1.1" 200 64153
[24/May/2026 09:11:35] "GET /game/20260524_142513_im9ouk HTTP/1.1" 200 64153
[24/May/2026 09:11:45] "POST /update_game/ HTTP/1.1" 200 88
[24/May/2026 09:11:45] "GET /game/20260524_142513_im9ouk HTTP/1.1" 200 64210
[24/May/2026 09:11:55] "POST /update_game/ HTTP/1.1" 200 88
[24/May/2026 09:11:55] "GET /game/20260524_142513_im9ouk HTTP/1.1" 200 64268
[24/May/2026 09:12:03] "POST /update_game/ HTTP/1.1" 200 88
[24/May/2026 09:12:03] "GET /game/20260524_142513_im9ouk HTTP/1.1" 200 64326
[24/May/2026 09:12:18] "POST /update_game/ HTTP/1.1" 200 88
[24/May/2026 09:12:18] "GET /game/20260524_142513_im9ouk HTTP/1.1" 200 64383
[24/May/2026 09:12:36] "POST /update_game/ HTTP/1.1" 200 88
[24/May/2026 09:12:36] "POST /update_game/ HTTP/1.1" 200 65
[24/May/2026 09:12:36] "GET /game/20260524_142513_im9ouk HTTP/1.1" 200 64442
[24/May/2026 09:12:49,273] - Broken pipe from ('152.57.137.139', 40314)
[24/May/2026 09:12:49,273] - Broken pipe from ('152.57.137.139', 40244)
[24/May/2026 09:12:52] "POST /update_game/ HTTP/1.1" 200 65
[24/May/2026 09:12:52] "GET /game/20260524_142513_im9ouk HTTP/1.1" 200 64442
[24/May/2026 09:12:54] "POST /update_game/ HTTP/1.1" 200 65
[24/May/2026 09:12:55] "GET /game/20260524_142513_im9ouk HTTP/1.1" 200 64442
[24/May/2026 09:13:04] "POST /update_game/ HTTP/1.1" 200 88
[24/May/2026 09:13:04] "GET /game/20260524_142513_im9ouk HTTP/1.1" 200 64500
[24/May/2026 09:13:29] "POST /update_game/ HTTP/1.1" 200 88
[24/May/2026 09:13:29] "GET /game/20260524_142513_im9ouk HTTP/1.1" 200 64558
[24/May/2026 09:13:42] "POST /update_game/ HTTP/1.1" 200 88
[24/May/2026 09:13:42] "GET /game/20260524_142513_im9ouk HTTP/1.1" 200 64616
[24/May/2026 09:14:03] "POST /update_game/ HTTP/1.1" 200 88
[24/May/2026 09:14:03] "GET /game/20260524_142513_im9ouk HTTP/1.1" 200 64673
[24/May/2026 09:14:28,783] - Broken pipe from ('152.57.137.139', 46456)
[24/May/2026 09:14:28,783] - Broken pipe from ('152.57.137.139', 46448)
[24/May/2026 09:14:39] "POST /update_game/ HTTP/1.1" 200 88
[24/May/2026 09:14:39] "GET /game/20260524_142513_im9ouk HTTP/1.1" 200 64731
[24/May/2026 09:15:10] "GET /game/20260524_142513_im9ouk HTTP/1.1" 200 68056
[24/May/2026 09:15:10] "GET /game/20260524_142513_im9ouk HTTP/1.1" 200 68056
[24/May/2026 09:15:10] "GET /game_details/20260524_142513_im9ouk HTTP/1.1" 200 4891
[24/May/2026 09:15:11] "POST /update_game/ HTTP/1.1" 200 89
Not Found: /favicon.ico
[24/May/2026 09:15:11] "GET /favicon.ico HTTP/1.1" 404 4232
[24/May/2026 09:15:11] "POST /update_game/ HTTP/1.1" 200 65
[24/May/2026 09:15:11] "GET /game/20260524_142513_im9ouk HTTP/1.1" 200 64041
[24/May/2026 09:15:11] "GET /game_details/20260524_142513_im9ouk HTTP/1.1" 200 4571
Not Found: /favicon.ico
[24/May/2026 09:15:11] "GET /favicon.ico HTTP/1.1" 404 4232
[24/May/2026 09:15:16] "GET /game_details/20260524_142513_im9ouk HTTP/1.1" 200 4571
[24/May/2026 09:15:16] "GET /game_details/20260524_142513_im9ouk HTTP/1.1" 200 4571
[24/May/2026 09:15:20] "POST /update_game/ HTTP/1.1" 200 65
[24/May/2026 09:15:20] "GET /game/20260524_142513_im9ouk HTTP/1.1" 200 63980
[24/May/2026 09:15:21] "GET /game_details/20260524_142513_im9ouk HTTP/1.1" 200 4820
[24/May/2026 09:15:21] "GET /game_details/20260524_142513_im9ouk HTTP/1.1" 200 4820
[24/May/2026 09:15:26] "GET /game_details/20260524_142513_im9ouk HTTP/1.1" 200 4820
[24/May/2026 09:15:26] "GET /game_details/20260524_142513_im9ouk HTTP/1.1" 200 4820
[24/May/2026 09:15:31] "GET /game_details/20260524_142513_im9ouk HTTP/1.1" 200 4820
[24/May/2026 09:15:31] "GET /game_details/20260524_142513_im9ouk HTTP/1.1" 200 4820
[24/May/2026 09:15:35] "GET /players HTTP/1.1" 301 0
[24/May/2026 09:15:35] "GET /players/ HTTP/1.1" 200 73410
[24/May/2026 09:15:36] "GET /game_details/20260524_142513_im9ouk HTTP/1.1" 200 4820
[24/May/2026 09:15:41] "GET /game_details/20260524_142513_im9ouk HTTP/1.1" 200 4820
[24/May/2026 09:15:44] "GET /players/?sort=runs HTTP/1.1" 200 73410
[24/May/2026 09:15:46] "GET /game_details/20260524_142513_im9ouk HTTP/1.1" 200 4820
[24/May/2026 09:16:03] "POST /update_game/ HTTP/1.1" 200 88
[24/May/2026 09:16:03] "GET /game/20260524_142513_im9ouk HTTP/1.1" 200 64037
[24/May/2026 09:16:09] "GET /game/20260524_142513_im9ouk HTTP/1.1" 200 64037
[24/May/2026 09:16:23] "POST /update_game/ HTTP/1.1" 200 88
[24/May/2026 09:16:23] "GET /game/20260524_142513_im9ouk HTTP/1.1" 200 64094
[24/May/2026 09:16:25] "GET /game/20260524_142513_im9ouk HTTP/1.1" 200 64094
[24/May/2026 09:16:33] "GET /players/?sort=wickets HTTP/1.1" 200 73413
[24/May/2026 09:16:38] "POST /update_game/ HTTP/1.1" 200 88
[24/May/2026 09:16:39] "GET /game/20260524_142513_im9ouk HTTP/1.1" 200 64151
[24/May/2026 09:16:42] "GET /game/20260524_142513_im9ouk HTTP/1.1" 200 64151
[24/May/2026 09:16:50] "GET /players/?sort=economy HTTP/1.1" 200 73415
[24/May/2026 09:17:02] "GET /players/?sort=strike_rate HTTP/1.1" 200 73420
[24/May/2026 09:17:10] "POST /update_game/ HTTP/1.1" 200 88
[24/May/2026 09:17:11] "GET /game/20260524_142513_im9ouk HTTP/1.1" 200 64208
[24/May/2026 09:17:15] "GET /game/20260524_142513_im9ouk HTTP/1.1" 200 64208
[24/May/2026 09:17:46] "POST /update_game/ HTTP/1.1" 200 88
[24/May/2026 09:17:46] "POST /update_game/ HTTP/1.1" 200 65
[24/May/2026 09:17:46] "GET /game/20260524_142513_im9ouk HTTP/1.1" 200 64265
[24/May/2026 09:17:57] "POST /update_game/ HTTP/1.1" 200 88
[24/May/2026 09:17:57] "GET /game/20260524_142513_im9ouk HTTP/1.1" 200 64323
[24/May/2026 09:18:00] "GET /game/20260524_142513_im9ouk HTTP/1.1" 200 64323
[24/May/2026 09:18:06] "POST /update_game/ HTTP/1.1" 200 88
[24/May/2026 09:18:06] "GET /game/20260524_142513_im9ouk HTTP/1.1" 200 64381
[24/May/2026 09:18:12] "GET /game/20260524_142513_im9ouk HTTP/1.1" 200 64381
[24/May/2026 09:18:17] "POST /update_game/ HTTP/1.1" 200 89
[24/May/2026 09:18:17] "POST /update_game/ HTTP/1.1" 200 65
[24/May/2026 09:18:17] "GET /game/20260524_142513_im9ouk HTTP/1.1" 200 64041
[24/May/2026 09:18:30] "GET /game/20260524_142513_im9ouk HTTP/1.1" 200 64041
[24/May/2026 09:18:34] "POST /update_game/ HTTP/1.1" 200 65
[24/May/2026 09:18:34] "GET /game/20260524_142513_im9ouk HTTP/1.1" 200 63981
[24/May/2026 09:19:03] "POST /update_game/ HTTP/1.1" 200 88
[24/May/2026 09:19:03] "POST /update_game/ HTTP/1.1" 200 65
[24/May/2026 09:19:03] "GET /game/20260524_142513_im9ouk HTTP/1.1" 200 64038
[24/May/2026 09:19:18] "POST /update_game/ HTTP/1.1" 200 65
[24/May/2026 09:19:18] "GET /game/20260524_142513_im9ouk HTTP/1.1" 200 64038
[24/May/2026 09:19:23] "POST /update_game/ HTTP/1.1" 200 65
[24/May/2026 09:19:23] "GET /game/20260524_142513_im9ouk HTTP/1.1" 200 64038
[24/May/2026 09:19:24] "POST /update_game/ HTTP/1.1" 200 88
[24/May/2026 09:19:24] "GET /game/20260524_142513_im9ouk HTTP/1.1" 200 64096
[24/May/2026 09:19:43] "POST /update_game/ HTTP/1.1" 200 88
[24/May/2026 09:19:43] "POST /update_game/ HTTP/1.1" 200 65
[24/May/2026 09:19:43] "GET /game/20260524_142513_im9ouk HTTP/1.1" 200 64153
[24/May/2026 09:19:52] "GET /game/20260524_142513_im9ouk HTTP/1.1" 200 64153
[24/May/2026 09:20:08] "POST /update_game/ HTTP/1.1" 200 88
[24/May/2026 09:20:09] "POST /update_game/ HTTP/1.1" 200 65
[24/May/2026 09:20:09] "GET /game/20260524_142513_im9ouk HTTP/1.1" 200 64210
[24/May/2026 09:20:19] "GET /game/20260524_142513_im9ouk HTTP/1.1" 200 64210
[24/May/2026 09:20:49] "POST /update_game/ HTTP/1.1" 200 88
[24/May/2026 09:20:49] "GET /game/20260524_142513_im9ouk HTTP/1.1" 200 64244
[24/May/2026 09:20:52] "POST /update_game/ HTTP/1.1" 200 65
[24/May/2026 09:20:52] "GET /game/20260524_142513_im9ouk HTTP/1.1" 200 64120
[24/May/2026 09:21:02,558] - Broken pipe from ('152.57.137.139', 38126)
[24/May/2026 09:21:36] "POST /update_game/ HTTP/1.1" 200 88
[24/May/2026 09:21:37] "GET /game/20260524_142513_im9ouk HTTP/1.1" 200 64177
[24/May/2026 09:21:41] "POST /update_game/ HTTP/1.1" 200 89
[24/May/2026 09:21:41] "POST /update_game/ HTTP/1.1" 200 65
[24/May/2026 09:21:41] "GET /game/20260524_142513_im9ouk HTTP/1.1" 200 63893
[24/May/2026 09:22:00] "POST /update_game/ HTTP/1.1" 200 65
[24/May/2026 09:22:00] "GET /game/20260524_142513_im9ouk HTTP/1.1" 200 63832
[24/May/2026 09:22:10] "POST /update_game/ HTTP/1.1" 200 88
[24/May/2026 09:22:10] "GET /game/20260524_142513_im9ouk HTTP/1.1" 200 63889
[24/May/2026 09:22:30] "POST /update_game/ HTTP/1.1" 200 88
[24/May/2026 09:22:30] "GET /game/20260524_142513_im9ouk HTTP/1.1" 200 63946
[24/May/2026 09:22:42] "POST /update_game/ HTTP/1.1" 200 88
[24/May/2026 09:22:42] "POST /update_game/ HTTP/1.1" 200 65
[24/May/2026 09:22:42] "GET /game/20260524_142513_im9ouk HTTP/1.1" 200 64003
[24/May/2026 09:23:03] "POST /update_game/ HTTP/1.1" 200 88
[24/May/2026 09:23:04] "GET /game/20260524_142513_im9ouk HTTP/1.1" 200 64061
[24/May/2026 09:23:21] "POST /update_game/ HTTP/1.1" 200 88
[24/May/2026 09:23:21] "POST /update_game/ HTTP/1.1" 200 65
[24/May/2026 09:23:21] "GET /game/20260524_142513_im9ouk HTTP/1.1" 200 64118
[24/May/2026 09:23:45] "POST /update_game/ HTTP/1.1" 200 88
[24/May/2026 09:23:46] "GET /game/20260524_142513_im9ouk HTTP/1.1" 200 64175
[24/May/2026 09:24:15] "POST /update_game/ HTTP/1.1" 200 89
[24/May/2026 09:24:15] "POST /update_game/ HTTP/1.1" 200 65
[24/May/2026 09:24:15] "GET /game/20260524_142513_im9ouk HTTP/1.1" 200 63893
[24/May/2026 09:24:18] "POST /update_game/ HTTP/1.1" 200 65
[24/May/2026 09:24:19] "GET /game/20260524_142513_im9ouk HTTP/1.1" 200 63832
[24/May/2026 09:24:48] "POST /update_game/ HTTP/1.1" 200 88
[24/May/2026 09:24:48] "GET /game/20260524_142513_im9ouk HTTP/1.1" 200 63892
[24/May/2026 09:24:59] "POST /update_game/ HTTP/1.1" 200 88
[24/May/2026 09:24:59] "GET /game/20260524_142513_im9ouk HTTP/1.1" 200 63949
[24/May/2026 09:25:21] "POST /update_game/ HTTP/1.1" 200 88
[24/May/2026 09:25:21] "GET /game/20260524_142513_im9ouk HTTP/1.1" 200 64007
[24/May/2026 09:26:00] "POST /update_game/ HTTP/1.1" 200 88
[24/May/2026 09:26:01] "POST /update_game/ HTTP/1.1" 200 65
[24/May/2026 09:26:01] "GET /game/20260524_142513_im9ouk HTTP/1.1" 200 64064
[24/May/2026 09:26:23] "POST /update_game/ HTTP/1.1" 200 88
[24/May/2026 09:26:23] "GET /game/20260524_142513_im9ouk HTTP/1.1" 200 64121
[24/May/2026 09:26:56] "GET /game/20260524_142513_im9ouk HTTP/1.1" 200 68056
[24/May/2026 09:26:56] "GET /game_details/20260524_142513_im9ouk HTTP/1.1" 200 4844
Not Found: /favicon.ico
[24/May/2026 09:26:56] "GET /favicon.ico HTTP/1.1" 404 4232
[24/May/2026 09:27:01] "GET /game_details/20260524_142513_im9ouk HTTP/1.1" 200 4844
[24/May/2026 09:27:02] "POST /update_game/ HTTP/1.1" 200 88
[24/May/2026 09:27:02] "GET /game/20260524_142513_im9ouk HTTP/1.1" 200 64180
[24/May/2026 09:27:06] "GET /game_details/20260524_142513_im9ouk HTTP/1.1" 200 4851
[24/May/2026 09:27:11] "GET /game_details/20260524_142513_im9ouk HTTP/1.1" 200 4851
[24/May/2026 09:27:12] "POST /update_game/ HTTP/1.1" 200 88
[24/May/2026 09:27:13] "GET /game/20260524_142513_im9ouk HTTP/1.1" 200 64238
[24/May/2026 09:27:16] "GET /game_details/20260524_142513_im9ouk HTTP/1.1" 200 4857
[24/May/2026 09:27:21] "GET /game_details/20260524_142513_im9ouk HTTP/1.1" 200 4857
[24/May/2026 09:27:26] "GET /game_details/20260524_142513_im9ouk HTTP/1.1" 200 4857
[24/May/2026 09:27:28] "POST /update_game/ HTTP/1.1" 200 88
[24/May/2026 09:27:28] "GET /game/20260524_142513_im9ouk HTTP/1.1" 200 64296
[24/May/2026 09:27:31] "GET /game_details/20260524_142513_im9ouk HTTP/1.1" 200 4863
[24/May/2026 09:27:36] "GET /game_details/20260524_142513_im9ouk HTTP/1.1" 200 4863
[24/May/2026 09:27:41] "GET /game_details/20260524_142513_im9ouk HTTP/1.1" 200 4863
[24/May/2026 09:27:46] "GET /game_details/20260524_142513_im9ouk HTTP/1.1" 200 4863
[24/May/2026 09:27:51] "POST /update_game/ HTTP/1.1" 200 88
[24/May/2026 09:27:51] "GET /game_details/20260524_142513_im9ouk HTTP/1.1" 200 4868
[24/May/2026 09:27:51] "POST /update_game/ HTTP/1.1" 200 65
[24/May/2026 09:27:51] "GET /game/20260524_142513_im9ouk HTTP/1.1" 200 64353
[24/May/2026 09:27:56] "GET /game_details/20260524_142513_im9ouk HTTP/1.1" 200 4868
[24/May/2026 09:28:01] "GET /game_details/20260524_142513_im9ouk HTTP/1.1" 200 4868
[24/May/2026 09:28:04] "POST /update_game/ HTTP/1.1" 200 88
[24/May/2026 09:28:05] "GET /game/20260524_142513_im9ouk HTTP/1.1" 200 64411
[24/May/2026 09:28:06] "GET /game_details/20260524_142513_im9ouk HTTP/1.1" 200 4874
[24/May/2026 09:28:11] "GET /game_details/20260524_142513_im9ouk HTTP/1.1" 200 4874
[24/May/2026 09:28:16] "GET /game_details/20260524_142513_im9ouk HTTP/1.1" 200 4874
[24/May/2026 09:28:21] "GET /game_details/20260524_142513_im9ouk HTTP/1.1" 200 4874
[24/May/2026 09:28:26] "GET /game_details/20260524_142513_im9ouk HTTP/1.1" 200 4874
[24/May/2026 09:28:29] "POST /update_game/ HTTP/1.1" 200 89
[24/May/2026 09:28:29] "POST /update_game/ HTTP/1.1" 200 65
[24/May/2026 09:28:29] "POST /update_game/ HTTP/1.1" 200 65
[24/May/2026 09:28:29] "GET /game/20260524_142513_im9ouk HTTP/1.1" 200 63895
[24/May/2026 09:28:29] "GET /game/20260524_142513_im9ouk HTTP/1.1" 200 63895
[24/May/2026 09:28:29] "GET /game/20260524_142513_im9ouk HTTP/1.1" 200 63895
[24/May/2026 09:28:31] "GET /game_details/20260524_142513_im9ouk HTTP/1.1" 200 4570
[24/May/2026 09:28:35] "POST /update_game/ HTTP/1.1" 200 65
[24/May/2026 09:28:35] "GET /game/20260524_142513_im9ouk HTTP/1.1" 200 63834
[24/May/2026 09:28:36] "GET /game_details/20260524_142513_im9ouk HTTP/1.1" 200 4819
[24/May/2026 09:28:41] "GET /game_details/20260524_142513_im9ouk HTTP/1.1" 200 4819
[24/May/2026 09:28:46] "GET /game_details/20260524_142513_im9ouk HTTP/1.1" 200 4819
[24/May/2026 09:28:51] "GET /game_details/20260524_142513_im9ouk HTTP/1.1" 200 4819
[24/May/2026 09:28:56] "GET /game_details/20260524_142513_im9ouk HTTP/1.1" 200 4819
[24/May/2026 09:29:01] "GET /game/20260524_142513_im9ouk HTTP/1.1" 200 68056
[24/May/2026 09:29:01] "GET /game_details/20260524_142513_im9ouk HTTP/1.1" 200 4819
[24/May/2026 09:29:05] "GET /matches HTTP/1.1" 301 0
[24/May/2026 09:29:05] "GET /matches/ HTTP/1.1" 200 42598
[24/May/2026 09:29:19] "GET /game/20260524_122340_R6C21N HTTP/1.1" 200 68056
[24/May/2026 09:29:19] "GET /game_details/20260524_122340_R6C21N HTTP/1.1" 200 4346
[24/May/2026 09:29:50] "POST /update_game/ HTTP/1.1" 200 88
[24/May/2026 09:29:50] "GET /game/20260524_142513_im9ouk HTTP/1.1" 200 63891
[24/May/2026 09:30:48] "POST /update_game/ HTTP/1.1" 200 88
[24/May/2026 09:30:48] "POST /update_game/ HTTP/1.1" 200 65
[24/May/2026 09:30:48] "GET /game/20260524_142513_im9ouk HTTP/1.1" 200 63950
[24/May/2026 09:30:48] "GET /game/20260524_142513_im9ouk HTTP/1.1" 200 63950
[24/May/2026 09:31:16] "POST /update_game/ HTTP/1.1" 200 88
[24/May/2026 09:31:17] "GET /game/20260524_142513_im9ouk HTTP/1.1" 200 64008
[24/May/2026 09:31:28] "POST /update_game/ HTTP/1.1" 200 88
[24/May/2026 09:31:28] "GET /game/20260524_142513_im9ouk HTTP/1.1" 200 64065
[24/May/2026 09:32:08] "POST /update_game/ HTTP/1.1" 200 89
[24/May/2026 09:32:08] "GET /game/20260524_142513_im9ouk HTTP/1.1" 200 64126
[24/May/2026 09:32:46] "POST /update_game/ HTTP/1.1" 200 89
[24/May/2026 09:32:46] "GET /game/20260524_142513_im9ouk HTTP/1.1" 200 64183
[24/May/2026 09:33:23] "POST /update_game/ HTTP/1.1" 200 90
[24/May/2026 09:33:23] "POST /update_game/ HTTP/1.1" 200 66
[24/May/2026 09:33:23] "GET /game/20260524_142513_im9ouk HTTP/1.1" 200 63899
[24/May/2026 09:33:29] "POST /update_game/ HTTP/1.1" 200 66
[24/May/2026 09:33:29] "GET /game/20260524_142513_im9ouk HTTP/1.1" 200 63840
[24/May/2026 09:34:30] "POST /update_game/ HTTP/1.1" 200 89
[24/May/2026 09:34:31] "GET /game/20260524_142513_im9ouk HTTP/1.1" 200 63878
[24/May/2026 09:34:32] "POST /update_game/ HTTP/1.1" 200 66
[24/May/2026 09:34:33] "GET /game/20260524_142513_im9ouk HTTP/1.1" 200 63752
[24/May/2026 09:35:11] "POST /update_game/ HTTP/1.1" 200 89
[24/May/2026 09:35:11] "POST /update_game/ HTTP/1.1" 200 66
[24/May/2026 09:35:11] "GET /game/20260524_142513_im9ouk HTTP/1.1" 200 63809
[24/May/2026 09:35:47] "POST /update_game/ HTTP/1.1" 200 89
[24/May/2026 09:35:47] "GET /game/20260524_142513_im9ouk HTTP/1.1" 200 63866
[24/May/2026 09:36:12] "POST /update_game/ HTTP/1.1" 200 89
[24/May/2026 09:36:12] "GET /game/20260524_142513_im9ouk HTTP/1.1" 200 63904
[24/May/2026 09:36:25] "POST /update_game/ HTTP/1.1" 200 66
[24/May/2026 09:36:25] "GET /game/20260524_142513_im9ouk HTTP/1.1" 200 63904
[24/May/2026 09:36:34] "POST /update_game/ HTTP/1.1" 200 89
[24/May/2026 09:36:34] "GET /game/20260524_142513_im9ouk HTTP/1.1" 200 63961
[24/May/2026 09:36:54] "POST /update_game/ HTTP/1.1" 200 88
[24/May/2026 09:36:54] "GET /game/20260524_142513_im9ouk HTTP/1.1" 200 64693
[24/May/2026 09:37:04] "GET /game/20260524_142513_im9ouk HTTP/1.1" 200 64693
[24/May/2026 09:37:28,887] - Broken pipe from ('152.57.142.72', 45704)
[24/May/2026 09:37:28,888] - Broken pipe from ('152.57.142.72', 45692)
[24/May/2026 09:37:47] "POST /update_game/ HTTP/1.1" 200 64
[24/May/2026 09:37:47] "GET /game/20260524_142513_im9ouk HTTP/1.1" 200 64569
[24/May/2026 09:37:53] "POST /update_game/ HTTP/1.1" 200 64
[24/May/2026 09:37:53] "GET /game/20260524_142513_im9ouk HTTP/1.1" 200 64445
[24/May/2026 09:38:01] "POST /update_game/ HTTP/1.1" 200 64
[24/May/2026 09:38:01] "GET /game/20260524_142513_im9ouk HTTP/1.1" 200 64386
[24/May/2026 09:39:03] "POST /update_game/ HTTP/1.1" 200 87
[24/May/2026 09:39:03] "GET /game/20260524_142513_im9ouk HTTP/1.1" 200 64443
[24/May/2026 09:39:27] "POST /update_game/ HTTP/1.1" 200 87
[24/May/2026 09:39:27] "GET /game/20260524_142513_im9ouk HTTP/1.1" 200 64500
[24/May/2026 09:39:51] "POST /update_game/ HTTP/1.1" 200 87
[24/May/2026 09:39:52] "GET /game/20260524_142513_im9ouk HTTP/1.1" 200 64557
[24/May/2026 09:40:01] "POST /update_game/ HTTP/1.1" 200 87
[24/May/2026 09:40:01] "GET /game/20260524_142513_im9ouk HTTP/1.1" 200 64614
[24/May/2026 09:40:08] "POST /undo_data/ HTTP/1.1" 200 55
[24/May/2026 09:40:08] "GET /game/20260524_142513_im9ouk HTTP/1.1" 200 64557
[24/May/2026 09:40:09] "POST /update_game/ HTTP/1.1" 200 87
[24/May/2026 09:40:09] "GET /game/20260524_142513_im9ouk HTTP/1.1" 200 64615
[24/May/2026 09:40:17] "POST /update_game/ HTTP/1.1" 200 87
[24/May/2026 09:40:17] "GET /game/20260524_142513_im9ouk HTTP/1.1" 200 64673
[24/May/2026 09:40:17,495] - Broken pipe from ('27.7.89.122', 60138)
[24/May/2026 09:40:17,497] - Broken pipe from ('27.7.89.122', 60144)
[24/May/2026 09:40:40] "POST /update_game/ HTTP/1.1" 200 87
[24/May/2026 09:40:41] "GET /game/20260524_142513_im9ouk HTTP/1.1" 200 64730
[24/May/2026 09:40:49] "GET /matches/ HTTP/1.1" 200 42604
[24/May/2026 09:41:05] "POST /update_game/ HTTP/1.1" 200 87
[24/May/2026 09:41:05] "GET /game/20260524_142513_im9ouk HTTP/1.1" 200 64787
[24/May/2026 09:41:54] "POST /update_game/ HTTP/1.1" 200 88
[24/May/2026 09:41:54] "POST /update_game/ HTTP/1.1" 200 64
[24/May/2026 09:41:54] "GET /game/20260524_142513_im9ouk HTTP/1.1" 200 64447
[24/May/2026 09:42:05] "POST /update_game/ HTTP/1.1" 200 64
[24/May/2026 09:42:05] "GET /game/20260524_142513_im9ouk HTTP/1.1" 200 64384
[24/May/2026 09:42:15] "POST /update_game/ HTTP/1.1" 200 87
[24/May/2026 09:42:16] "GET /game/20260524_142513_im9ouk HTTP/1.1" 200 64441
[24/May/2026 09:42:42] "POST /update_game/ HTTP/1.1" 200 87
[24/May/2026 09:42:43] "GET /game/20260524_142513_im9ouk HTTP/1.1" 200 64503
[24/May/2026 09:43:09] "POST /update_game/ HTTP/1.1" 200 86
[24/May/2026 09:43:09] "GET /game/20260524_142513_im9ouk HTTP/1.1" 200 64559
[24/May/2026 09:43:31] "POST /update_game/ HTTP/1.1" 200 86
[24/May/2026 09:43:31] "GET /game/20260524_142513_im9ouk HTTP/1.1" 200 64616
[24/May/2026 09:44:01] "POST /update_game/ HTTP/1.1" 200 86
[24/May/2026 09:44:01] "GET /game/20260524_142513_im9ouk HTTP/1.1" 200 64674
[24/May/2026 09:44:19] "POST /update_game/ HTTP/1.1" 200 86
[24/May/2026 09:44:19] "GET /game/20260524_142513_im9ouk HTTP/1.1" 200 64710
[24/May/2026 09:44:23] "POST /update_game/ HTTP/1.1" 200 63
[24/May/2026 09:44:23] "GET /game/20260524_142513_im9ouk HTTP/1.1" 200 64588
[24/May/2026 09:44:37] "POST /update_game/ HTTP/1.1" 200 87
[24/May/2026 09:44:37] "POST /update_game/ HTTP/1.1" 200 63
[24/May/2026 09:44:37] "GET /game/20260524_142513_im9ouk HTTP/1.1" 200 64307
[24/May/2026 09:45:02] "GET /game/20260524_142513_im9ouk HTTP/1.1" 200 64307
[24/May/2026 09:45:21,462] - Broken pipe from ('152.57.142.238', 37918)
[24/May/2026 09:45:21,467] - Broken pipe from ('152.57.142.238', 37920)
[24/May/2026 09:45:46] "POST /update_game/ HTTP/1.1" 200 63
[24/May/2026 09:45:46] "GET /game/20260524_142513_im9ouk HTTP/1.1" 200 64249
[24/May/2026 09:46:09] "POST /update_game/ HTTP/1.1" 200 86
[24/May/2026 09:46:09] "GET /game/20260524_142513_im9ouk HTTP/1.1" 200 64309
[24/May/2026 09:46:43] "POST /update_game/ HTTP/1.1" 200 86
[24/May/2026 09:46:43] "GET /game/20260524_142513_im9ouk HTTP/1.1" 200 64366
[24/May/2026 09:47:17] "POST /update_game/ HTTP/1.1" 200 86
[24/May/2026 09:47:17] "POST /update_game/ HTTP/1.1" 200 63
[24/May/2026 09:47:17] "GET /game/20260524_142513_im9ouk HTTP/1.1" 200 64423
[24/May/2026 09:47:32] "POST /update_game/ HTTP/1.1" 200 86
[24/May/2026 09:47:32] "GET /game/20260524_142513_im9ouk HTTP/1.1" 200 64465
[24/May/2026 09:47:37] "POST /update_game/ HTTP/1.1" 200 63
[24/May/2026 09:47:37] "GET /game/20260524_142513_im9ouk HTTP/1.1" 200 64341
[24/May/2026 09:48:38] "POST /update_game/ HTTP/1.1" 200 86
[24/May/2026 09:48:38] "GET /game/20260524_142513_im9ouk HTTP/1.1" 200 64398
[24/May/2026 09:49:04] "POST /update_game/ HTTP/1.1" 200 87
[24/May/2026 09:49:04] "POST /update_game/ HTTP/1.1" 200 63
[24/May/2026 09:49:04] "POST /update_game/ HTTP/1.1" 200 63
[24/May/2026 09:49:04] "GET /game/20260524_142513_im9ouk HTTP/1.1" 200 64170
[24/May/2026 09:49:04] "GET /game/20260524_142513_im9ouk HTTP/1.1" 200 64170
[24/May/2026 09:49:04] "GET /game/20260524_142513_im9ouk HTTP/1.1" 200 64170
[24/May/2026 09:49:26] "POST /update_game/ HTTP/1.1" 200 63
[24/May/2026 09:49:26] "GET /game/20260524_142513_im9ouk HTTP/1.1" 200 64106
[24/May/2026 09:49:32] "POST /update_game/ HTTP/1.1" 200 63
[24/May/2026 09:49:32] "GET /game/20260524_142513_im9ouk HTTP/1.1" 200 64106
[24/May/2026 09:49:42] "POST /update_game/ HTTP/1.1" 200 86
[24/May/2026 09:49:42] "GET /game/20260524_142513_im9ouk HTTP/1.1" 200 64163
[24/May/2026 09:50:19] "POST /update_game/ HTTP/1.1" 200 86
[24/May/2026 09:50:19] "GET /game/20260524_142513_im9ouk HTTP/1.1" 200 64220
[24/May/2026 09:50:59] "POST /update_game/ HTTP/1.1" 200 86
[24/May/2026 09:51:00] "GET /game/20260524_142513_im9ouk HTTP/1.1" 200 64278
[24/May/2026 09:52:46] "POST /update_game/ HTTP/1.1" 200 86
[24/May/2026 09:52:46] "GET /game/20260524_142513_im9ouk HTTP/1.1" 200 64335
[24/May/2026 09:52:56] "POST /update_game/ HTTP/1.1" 200 86
[24/May/2026 09:52:57] "GET /game/20260524_142513_im9ouk HTTP/1.1" 200 64392
[24/May/2026 09:53:08] "POST /update_game/ HTTP/1.1" 200 86
[24/May/2026 09:53:08] "GET /game/20260524_142513_im9ouk HTTP/1.1" 200 64449
[24/May/2026 09:53:46] "POST /update_game/ HTTP/1.1" 200 87
[24/May/2026 09:53:46] "POST /update_game/ HTTP/1.1" 200 63
[24/May/2026 09:53:46] "GET /game/20260524_142513_im9ouk HTTP/1.1" 200 64170
[24/May/2026 09:53:57] "POST /update_game/ HTTP/1.1" 200 63
[24/May/2026 09:53:57] "GET /game/20260524_142513_im9ouk HTTP/1.1" 200 64108
[24/May/2026 09:54:35] "POST /update_game/ HTTP/1.1" 200 86
[24/May/2026 09:54:35] "GET /game/20260524_142513_im9ouk HTTP/1.1" 200 64145
[24/May/2026 09:54:46] "POST /update_game/ HTTP/1.1" 200 63
[24/May/2026 09:54:46] "GET /game/20260524_142513_im9ouk HTTP/1.1" 200 64021
[24/May/2026 09:54:57] "GET /matches/ HTTP/1.1" 200 42598
[24/May/2026 09:55:00] "POST /update_game/ HTTP/1.1" 200 86
[24/May/2026 09:55:00] "GET /game/20260524_142513_im9ouk HTTP/1.1" 200 64079
[24/May/2026 09:55:01] "GET /game/20260524_142513_im9ouk HTTP/1.1" 200 68056
[24/May/2026 09:55:02] "GET /game_details/20260524_142513_im9ouk HTTP/1.1" 200 4831
[24/May/2026 09:55:07] "GET /game_details/20260524_142513_im9ouk HTTP/1.1" 200 4831
[24/May/2026 09:55:12] "GET /game_details/20260524_142513_im9ouk HTTP/1.1" 200 4831
[24/May/2026 09:55:16] "POST /update_game/ HTTP/1.1" 200 86
[24/May/2026 09:55:17] "GET /game/20260524_142513_im9ouk HTTP/1.1" 200 64137
[24/May/2026 09:55:17] "GET /game_details/20260524_142513_im9ouk HTTP/1.1" 200 4837
[24/May/2026 09:55:22] "GET /game_details/20260524_142513_im9ouk HTTP/1.1" 200 4837
[24/May/2026 09:55:27] "GET /game_details/20260524_142513_im9ouk HTTP/1.1" 200 4837
[24/May/2026 09:55:32] "GET /game_details/20260524_142513_im9ouk HTTP/1.1" 200 4837
[24/May/2026 09:55:32] "POST /update_game/ HTTP/1.1" 200 86
[24/May/2026 09:55:32] "GET /game/20260524_142513_im9ouk HTTP/1.1" 200 64194
[24/May/2026 09:55:37] "GET /game_details/20260524_142513_im9ouk HTTP/1.1" 200 4842
[24/May/2026 09:55:42] "GET /game_details/20260524_142513_im9ouk HTTP/1.1" 200 4842
[24/May/2026 09:55:47] "GET /game_details/20260524_142513_im9ouk HTTP/1.1" 200 4842
[24/May/2026 09:55:49] "POST /update_game/ HTTP/1.1" 200 86
[24/May/2026 09:55:49] "POST /update_game/ HTTP/1.1" 200 63
[24/May/2026 09:55:49] "GET /game/20260524_142513_im9ouk HTTP/1.1" 200 64251
[24/May/2026 09:55:52] "GET /game_details/20260524_142513_im9ouk HTTP/1.1" 200 4847
[24/May/2026 09:55:57] "GET /game_details/20260524_142513_im9ouk HTTP/1.1" 200 4847
[24/May/2026 09:56:02] "GET /game_details/20260524_142513_im9ouk HTTP/1.1" 200 4847
[24/May/2026 09:56:07] "GET /game_details/20260524_142513_im9ouk HTTP/1.1" 200 4847
[24/May/2026 09:56:10] "POST /update_game/ HTTP/1.1" 200 86
[24/May/2026 09:56:10] "GET /game/20260524_142513_im9ouk HTTP/1.1" 200 64309
[24/May/2026 09:56:12] "GET /game_details/20260524_142513_im9ouk HTTP/1.1" 200 4853
[24/May/2026 09:56:17] "GET /game_details/20260524_142513_im9ouk HTTP/1.1" 200 4853
[24/May/2026 09:56:21] "POST /update_game/ HTTP/1.1" 200 86
[24/May/2026 09:56:21] "POST /update_game/ HTTP/1.1" 200 63
[24/May/2026 09:56:21] "GET /game/20260524_142513_im9ouk HTTP/1.1" 200 64366
[24/May/2026 09:56:22] "GET /game_details/20260524_142513_im9ouk HTTP/1.1" 200 4858
[24/May/2026 09:56:27] "GET /game_details/20260524_142513_im9ouk HTTP/1.1" 200 4858
[24/May/2026 09:56:32] "GET /game_details/20260524_142513_im9ouk HTTP/1.1" 200 4858
[24/May/2026 09:56:37] "GET /game_details/20260524_142513_im9ouk HTTP/1.1" 200 4858
[24/May/2026 09:56:42] "GET /game_details/20260524_142513_im9ouk HTTP/1.1" 200 4858
[24/May/2026 09:56:47] "GET /game_details/20260524_142513_im9ouk HTTP/1.1" 200 4858
[24/May/2026 09:56:55] "POST /update_game/ HTTP/1.1" 200 86
[24/May/2026 09:56:55] "GET /game/20260524_142513_im9ouk HTTP/1.1" 200 64423
[24/May/2026 09:57:07] "POST /update_game/ HTTP/1.1" 200 86
[24/May/2026 09:57:08] "GET /game/20260524_142513_im9ouk HTTP/1.1" 200 64481
[24/May/2026 09:57:34] "POST /update_game/ HTTP/1.1" 200 87
[24/May/2026 09:57:34] "POST /update_game/ HTTP/1.1" 200 63
[24/May/2026 09:57:34] "GET /game/20260524_142513_im9ouk HTTP/1.1" 200 64026
[24/May/2026 09:57:44] "POST /update_game/ HTTP/1.1" 200 63
[24/May/2026 09:57:45] "GET /game/20260524_142513_im9ouk HTTP/1.1" 200 63962
[24/May/2026 09:57:56] "GET /game/20260524_142513_im9ouk HTTP/1.1" 200 63962
[24/May/2026 09:58:07,188] - Broken pipe from ('152.57.137.142', 37084)
[24/May/2026 09:58:07,199] - Broken pipe from ('152.57.137.142', 54066)
[24/May/2026 09:58:14] "POST /update_game/ HTTP/1.1" 200 86
[24/May/2026 09:58:14] "GET /game/20260524_142513_im9ouk HTTP/1.1" 200 64022
[24/May/2026 09:58:34] "POST /update_game/ HTTP/1.1" 200 86
[24/May/2026 09:58:35] "GET /game/20260524_142513_im9ouk HTTP/1.1" 200 64079
[24/May/2026 09:58:50] "POST /update_game/ HTTP/1.1" 200 86
[24/May/2026 09:58:50] "GET /game/20260524_142513_im9ouk HTTP/1.1" 200 64141
[24/May/2026 09:58:58] "GET /game/20260524_142513_im9ouk HTTP/1.1" 200 68056
[24/May/2026 09:58:58] "GET /game_details/20260524_142513_im9ouk HTTP/1.1" 200 4842
[24/May/2026 09:59:08] "GET /game/20260524_142513_im9ouk HTTP/1.1" 200 68056
[24/May/2026 09:59:09] "GET /game_details/20260524_142513_im9ouk HTTP/1.1" 200 4842
Not Found: /favicon.ico
[24/May/2026 09:59:09] "GET /favicon.ico HTTP/1.1" 404 4232
[24/May/2026 09:59:13] "POST /update_game/ HTTP/1.1" 200 86
[24/May/2026 09:59:13] "GET /game/20260524_142513_im9ouk HTTP/1.1" 200 64200
[24/May/2026 09:59:14] "GET /game_details/20260524_142513_im9ouk HTTP/1.1" 200 4849
[24/May/2026 09:59:19] "GET /game_details/20260524_142513_im9ouk HTTP/1.1" 200 4849
[24/May/2026 09:59:24] "GET /game_details/20260524_142513_im9ouk HTTP/1.1" 200 4849
[24/May/2026 09:59:29] "GET /game_details/20260524_142513_im9ouk HTTP/1.1" 200 4849
[24/May/2026 09:59:30] "POST /update_game/ HTTP/1.1" 200 86
[24/May/2026 09:59:30] "POST /update_game/ HTTP/1.1" 200 63
[24/May/2026 09:59:30] "GET /game/20260524_142513_im9ouk HTTP/1.1" 200 64257
[24/May/2026 09:59:34] "GET /game_details/20260524_142513_im9ouk HTTP/1.1" 200 4854
[24/May/2026 09:59:39] "GET /game_details/20260524_142513_im9ouk HTTP/1.1" 200 4854
[24/May/2026 09:59:44] "GET /game_details/20260524_142513_im9ouk HTTP/1.1" 200 4854
[24/May/2026 09:59:49] "GET /game_details/20260524_142513_im9ouk HTTP/1.1" 200 4854
[24/May/2026 09:59:54] "GET /game_details/20260524_142513_im9ouk HTTP/1.1" 200 4854
[24/May/2026 09:59:59] "GET /game_details/20260524_142513_im9ouk HTTP/1.1" 200 4854
[24/May/2026 10:00:01] "POST /update_game/ HTTP/1.1" 200 87
[24/May/2026 10:00:01] "POST /update_game/ HTTP/1.1" 200 63
[24/May/2026 10:00:01] "GET /game/20260524_142513_im9ouk HTTP/1.1" 200 64034
[24/May/2026 10:00:01] "GET /game/20260524_142513_im9ouk HTTP/1.1" 200 64034
[24/May/2026 10:00:04] "GET /game/20260524_142513_im9ouk HTTP/1.1" 200 68056
[24/May/2026 10:00:04] "GET /game_details/20260524_142513_im9ouk HTTP/1.1" 200 4575
[24/May/2026 10:00:04] "GET /game_details/20260524_142513_im9ouk HTTP/1.1" 200 4575
[24/May/2026 10:00:09] "GET /game_details/20260524_142513_im9ouk HTTP/1.1" 200 4575
[24/May/2026 10:00:10] "GET /game_details/20260524_142513_im9ouk HTTP/1.1" 200 4575
[24/May/2026 10:00:14] "GET /game_details/20260524_142513_im9ouk HTTP/1.1" 200 4575
[24/May/2026 10:00:15] "GET /game_details/20260524_142513_im9ouk HTTP/1.1" 200 4575
[24/May/2026 10:00:19] "GET /game_details/20260524_142513_im9ouk HTTP/1.1" 200 4575
[24/May/2026 10:00:20] "GET /game_details/20260524_142513_im9ouk HTTP/1.1" 200 4575
[24/May/2026 10:00:24] "GET /game_details/20260524_142513_im9ouk HTTP/1.1" 200 4575
[24/May/2026 10:00:25] "GET /game_details/20260524_142513_im9ouk HTTP/1.1" 200 4575
[24/May/2026 10:00:29] "GET /game_details/20260524_142513_im9ouk HTTP/1.1" 200 4575
[24/May/2026 10:00:30] "GET /game_details/20260524_142513_im9ouk HTTP/1.1" 200 4575
[24/May/2026 10:00:34] "GET /game_details/20260524_142513_im9ouk HTTP/1.1" 200 4575
[24/May/2026 10:00:35] "GET /game_details/20260524_142513_im9ouk HTTP/1.1" 200 4575
[24/May/2026 10:00:35] "POST /update_game/ HTTP/1.1" 200 63
[24/May/2026 10:00:35] "GET /game/20260524_142513_im9ouk HTTP/1.1" 200 63970
[24/May/2026 10:00:39] "GET /game_details/20260524_142513_im9ouk HTTP/1.1" 200 4829
[24/May/2026 10:00:40] "GET /game_details/20260524_142513_im9ouk HTTP/1.1" 200 4829
[24/May/2026 10:00:44] "GET /game_details/20260524_142513_im9ouk HTTP/1.1" 200 4829
[24/May/2026 10:00:45] "GET /game_details/20260524_142513_im9ouk HTTP/1.1" 200 4829
[24/May/2026 10:00:49] "GET /game_details/20260524_142513_im9ouk HTTP/1.1" 200 4829
[24/May/2026 10:00:50] "GET /game_details/20260524_142513_im9ouk HTTP/1.1" 200 4829
[24/May/2026 10:00:54] "GET /game_details/20260524_142513_im9ouk HTTP/1.1" 200 4829
[24/May/2026 10:00:59] "GET /game_details/20260524_142513_im9ouk HTTP/1.1" 200 4829
[24/May/2026 10:01:01] "POST /update_game/ HTTP/1.1" 200 86
[24/May/2026 10:01:01] "GET /game/20260524_142513_im9ouk HTTP/1.1" 200 64028
[24/May/2026 10:01:04] "GET /game_details/20260524_142513_im9ouk HTTP/1.1" 200 4833
[24/May/2026 10:01:09] "GET /game_details/20260524_142513_im9ouk HTTP/1.1" 200 4833
[24/May/2026 10:01:14] "GET /game_details/20260524_142513_im9ouk HTTP/1.1" 200 4833
[24/May/2026 10:01:19] "GET /game_details/20260524_142513_im9ouk HTTP/1.1" 200 4833
[24/May/2026 10:01:21] "POST /update_game/ HTTP/1.1" 200 86
[24/May/2026 10:01:22] "GET /game/20260524_142513_im9ouk HTTP/1.1" 200 64086
[24/May/2026 10:01:24] "GET /game_details/20260524_142513_im9ouk HTTP/1.1" 200 4839
[24/May/2026 10:01:29] "GET /game_details/20260524_142513_im9ouk HTTP/1.1" 200 4839
[24/May/2026 10:01:34] "GET /game_details/20260524_142513_im9ouk HTTP/1.1" 200 4839
[24/May/2026 10:01:39] "GET /game_details/20260524_142513_im9ouk HTTP/1.1" 200 4839
[24/May/2026 10:01:44] "GET /game_details/20260524_142513_im9ouk HTTP/1.1" 200 4839
[24/May/2026 10:01:45] "GET /matches HTTP/1.1" 301 0
[24/May/2026 10:01:45] "GET /matches/ HTTP/1.1" 200 42598
[24/May/2026 10:01:45] "POST /update_game/ HTTP/1.1" 200 86
[24/May/2026 10:01:45] "GET /game/20260524_142513_im9ouk HTTP/1.1" 200 64143
[24/May/2026 10:01:50] "GET /game/20260524_122340_R6C21N HTTP/1.1" 200 68056
[24/May/2026 10:01:50] "GET /game_details/20260524_122340_R6C21N HTTP/1.1" 200 4346
[24/May/2026 10:02:27] "POST /update_game/ HTTP/1.1" 200 86
[24/May/2026 10:02:28] "GET /game/20260524_142513_im9ouk HTTP/1.1" 200 64200
[24/May/2026 10:02:57] "GET /game_details/20260524_142513_im9ouk HTTP/1.1" 200 4849
[24/May/2026 10:02:58] "POST /update_game/ HTTP/1.1" 200 86
[24/May/2026 10:02:59] "GET /game/20260524_142513_im9ouk HTTP/1.1" 200 64257
[24/May/2026 10:03:02] "GET /game_details/20260524_142513_im9ouk HTTP/1.1" 200 4854
[24/May/2026 10:03:17] "GET /game_details/20260524_142513_im9ouk HTTP/1.1" 200 4854
[24/May/2026 10:03:22] "GET /game_details/20260524_142513_im9ouk HTTP/1.1" 200 4854
[24/May/2026 10:03:27] "GET /game_details/20260524_142513_im9ouk HTTP/1.1" 200 4854
[24/May/2026 10:03:28] "POST /update_game/ HTTP/1.1" 200 86
[24/May/2026 10:03:28] "GET /game/20260524_142513_im9ouk HTTP/1.1" 200 64314
[24/May/2026 10:03:32] "GET /game_details/20260524_142513_im9ouk HTTP/1.1" 200 4859
[24/May/2026 10:03:37] "GET /game_details/20260524_142513_im9ouk HTTP/1.1" 200 4859
[24/May/2026 10:03:38,953] - Broken pipe from ('106.202.103.36', 55226)
[24/May/2026 10:03:38,953] - Broken pipe from ('106.202.103.36', 42760)
[24/May/2026 10:03:42] "GET /game_details/20260524_142513_im9ouk HTTP/1.1" 200 4859
[24/May/2026 10:03:47] "GET /game_details/20260524_142513_im9ouk HTTP/1.1" 200 4859
[24/May/2026 10:03:52] "GET /game_details/20260524_142513_im9ouk HTTP/1.1" 200 4859
[24/May/2026 10:03:54] "POST /update_game/ HTTP/1.1" 200 86
[24/May/2026 10:03:54] "GET /game/20260524_142513_im9ouk HTTP/1.1" 200 64371
[24/May/2026 10:03:57] "GET /game_details/20260524_142513_im9ouk HTTP/1.1" 200 4864
[24/May/2026 10:04:02] "GET /game_details/20260524_142513_im9ouk HTTP/1.1" 200 4864
[24/May/2026 10:04:07] "GET /game_details/20260524_142513_im9ouk HTTP/1.1" 200 4864
[24/May/2026 10:04:12] "GET /game_details/20260524_142513_im9ouk HTTP/1.1" 200 4864
[24/May/2026 10:04:17] "GET /game_details/20260524_142513_im9ouk HTTP/1.1" 200 4864
[24/May/2026 10:04:22] "GET /game_details/20260524_142513_im9ouk HTTP/1.1" 200 4864
[24/May/2026 10:04:25] "POST /update_game/ HTTP/1.1" 200 87
[24/May/2026 10:04:25] "POST /update_game/ HTTP/1.1" 200 63
[24/May/2026 10:04:25] "GET /game/20260524_142513_im9ouk HTTP/1.1" 200 64034
[24/May/2026 10:04:27] "GET /game_details/20260524_142513_im9ouk HTTP/1.1" 200 4575
[24/May/2026 10:04:32] "GET /game_details/20260524_142513_im9ouk HTTP/1.1" 200 4575
[24/May/2026 10:04:37] "GET /game_details/20260524_142513_im9ouk HTTP/1.1" 200 4575
[24/May/2026 10:04:46] "GET /game/20260524_142513_im9ouk HTTP/1.1" 200 64034
[24/May/2026 10:04:56] "POST /update_game/ HTTP/1.1" 200 63
[24/May/2026 10:04:56] "GET /game/20260524_142513_im9ouk HTTP/1.1" 200 63972
[24/May/2026 10:04:59,088] - Broken pipe from ('152.57.137.142', 48176)
[24/May/2026 10:04:59,093] - Broken pipe from ('152.57.137.142', 48170)
[24/May/2026 10:05:21] "GET /game/20260524_142513_im9ouk HTTP/1.1" 200 68056
[24/May/2026 10:05:21] "GET /game_details/20260524_142513_im9ouk HTTP/1.1" 200 4831
[24/May/2026 10:05:24] "POST /update_game/ HTTP/1.1" 200 86
[24/May/2026 10:05:24] "POST /update_game/ HTTP/1.1" 200 63
[24/May/2026 10:05:24] "GET /game/20260524_142513_im9ouk HTTP/1.1" 200 64029
[24/May/2026 10:05:26] "GET /game_details/20260524_142513_im9ouk HTTP/1.1" 200 4834
[24/May/2026 10:05:31] "GET /game_details/20260524_142513_im9ouk HTTP/1.1" 200 4834
[24/May/2026 10:05:36] "GET /game_details/20260524_142513_im9ouk HTTP/1.1" 200 4834
[24/May/2026 10:05:41] "GET /game_details/20260524_142513_im9ouk HTTP/1.1" 200 4834
[24/May/2026 10:05:46] "GET /game_details/20260524_142513_im9ouk HTTP/1.1" 200 4834
[24/May/2026 10:05:51] "GET /game_details/20260524_142513_im9ouk HTTP/1.1" 200 4834
[24/May/2026 10:05:56] "GET /game_details/20260524_142513_im9ouk HTTP/1.1" 200 4834
[24/May/2026 10:05:59] "POST /update_game/ HTTP/1.1" 200 86
[24/May/2026 10:05:59] "GET /game/20260524_142513_im9ouk HTTP/1.1" 200 64086
[24/May/2026 10:06:01] "GET /game_details/20260524_142513_im9ouk HTTP/1.1" 200 4839
[24/May/2026 10:06:06] "GET /game_details/20260524_142513_im9ouk HTTP/1.1" 200 4839
[24/May/2026 10:06:11] "GET /game_details/20260524_142513_im9ouk HTTP/1.1" 200 4839
[24/May/2026 10:06:16] "GET /game_details/20260524_142513_im9ouk HTTP/1.1" 200 4839
[24/May/2026 10:06:21] "GET /game_details/20260524_142513_im9ouk HTTP/1.1" 200 4839
[24/May/2026 10:06:28] "POST /update_game/ HTTP/1.1" 200 86
[24/May/2026 10:06:28] "GET /game/20260524_142513_im9ouk HTTP/1.1" 200 64143
[24/May/2026 10:06:29,107] - Broken pipe from ('106.202.103.36', 60058)
[24/May/2026 10:06:29,109] - Broken pipe from ('106.202.103.36', 47482)
[24/May/2026 10:06:34] "GET /game/20260524_142513_im9ouk HTTP/1.1" 200 68056
[24/May/2026 10:06:34] "GET /game_details/20260524_142513_im9ouk HTTP/1.1" 200 4844
[24/May/2026 10:06:36] "GET /game/20260524_142513_im9ouk HTTP/1.1" 200 64143
[24/May/2026 10:06:43,358] - Broken pipe from ('152.57.143.99', 49098)
[24/May/2026 10:06:43,363] - Broken pipe from ('152.57.143.99', 49114)
[24/May/2026 10:06:54] "POST /update_game/ HTTP/1.1" 200 86
[24/May/2026 10:06:54] "POST /update_game/ HTTP/1.1" 200 63
[24/May/2026 10:06:54] "GET /game/20260524_142513_im9ouk HTTP/1.1" 200 64200
[24/May/2026 10:07:17] "POST /update_game/ HTTP/1.1" 200 86
[24/May/2026 10:07:17] "GET /game/20260524_142513_im9ouk HTTP/1.1" 200 64257
[24/May/2026 10:07:56] "POST /update_game/ HTTP/1.1" 200 87
[24/May/2026 10:07:56] "POST /update_game/ HTTP/1.1" 200 63
[24/May/2026 10:07:56] "GET /game/20260524_142513_im9ouk HTTP/1.1" 200 64034
[24/May/2026 10:08:00] "GET /game/20260524_142513_im9ouk HTTP/1.1" 200 68056
[24/May/2026 10:08:00] "GET /game_details/20260524_142513_im9ouk HTTP/1.1" 200 4575
[24/May/2026 10:08:05] "GET /game_details/20260524_142513_im9ouk HTTP/1.1" 200 4575
[24/May/2026 10:08:10] "GET /game_details/20260524_142513_im9ouk HTTP/1.1" 200 4575
[24/May/2026 10:08:12] "POST /update_game/ HTTP/1.1" 200 63
[24/May/2026 10:08:12] "GET /game/20260524_142513_im9ouk HTTP/1.1" 200 63977
[24/May/2026 10:08:15] "GET /game_details/20260524_142513_im9ouk HTTP/1.1" 200 4826
[24/May/2026 10:08:20] "GET /game_details/20260524_142513_im9ouk HTTP/1.1" 200 4826
[24/May/2026 10:08:25] "GET /game_details/20260524_142513_im9ouk HTTP/1.1" 200 4826
[24/May/2026 10:08:30] "GET /game_details/20260524_142513_im9ouk HTTP/1.1" 200 4826
[24/May/2026 10:08:32] "POST /update_game/ HTTP/1.1" 200 86
[24/May/2026 10:08:32] "GET /game/20260524_142513_im9ouk HTTP/1.1" 200 64034
[24/May/2026 10:08:35] "GET /game_details/20260524_142513_im9ouk HTTP/1.1" 200 4829
[24/May/2026 10:08:40] "GET /game_details/20260524_142513_im9ouk HTTP/1.1" 200 4829
[24/May/2026 10:08:45] "GET /game_details/20260524_142513_im9ouk HTTP/1.1" 200 4829
[24/May/2026 10:08:49] "POST /update_game/ HTTP/1.1" 200 86
[24/May/2026 10:08:49] "GET /game/20260524_142513_im9ouk HTTP/1.1" 200 64091
[24/May/2026 10:08:50] "GET /game_details/20260524_142513_im9ouk HTTP/1.1" 200 4834
[24/May/2026 10:08:55] "GET /game_details/20260524_142513_im9ouk HTTP/1.1" 200 4834
[24/May/2026 10:09:00] "GET /game_details/20260524_142513_im9ouk HTTP/1.1" 200 4834
[24/May/2026 10:09:05] "GET /game_details/20260524_142513_im9ouk HTTP/1.1" 200 4834
[24/May/2026 10:09:10] "GET /game_details/20260524_142513_im9ouk HTTP/1.1" 200 4834
[24/May/2026 10:09:15] "GET /game_details/20260524_142513_im9ouk HTTP/1.1" 200 4834
[24/May/2026 10:09:22] "POST /update_game/ HTTP/1.1" 200 86
[24/May/2026 10:09:23] "GET /game/20260524_142513_im9ouk HTTP/1.1" 200 64148
[24/May/2026 10:09:24,412] - Broken pipe from ('106.202.97.36', 56026)
[24/May/2026 10:09:24,412] - Broken pipe from ('106.202.97.36', 53910)
[24/May/2026 10:10:17] "POST /undo_data/ HTTP/1.1" 200 55
[24/May/2026 10:10:17] "GET /game/20260524_142513_im9ouk HTTP/1.1" 200 64091
[24/May/2026 10:10:17] "GET /game/20260524_142513_im9ouk HTTP/1.1" 200 68056
[24/May/2026 10:10:17] "GET /game_details/20260524_142513_im9ouk HTTP/1.1" 200 4834
[24/May/2026 10:10:18] "POST /update_game/ HTTP/1.1" 200 86
[24/May/2026 10:10:19] "GET /game/20260524_142513_im9ouk HTTP/1.1" 200 64125
[24/May/2026 10:10:23] "GET /game_details/20260524_142513_im9ouk HTTP/1.1" 200 4585
[24/May/2026 10:10:28] "GET /game_details/20260524_142513_im9ouk HTTP/1.1" 200 4585
[24/May/2026 10:10:28] "POST /update_game/ HTTP/1.1" 200 63
[24/May/2026 10:10:28] "GET /game/20260524_142513_im9ouk HTTP/1.1" 200 64001
[24/May/2026 10:10:33] "GET /game_details/20260524_142513_im9ouk HTTP/1.1" 200 4834
[24/May/2026 10:10:35] "GET /game_details/20260524_142513_im9ouk HTTP/1.1" 200 4834
[24/May/2026 10:10:36] "POST /update_game/ HTTP/1.1" 200 86
[24/May/2026 10:10:36] "GET /game/20260524_142513_im9ouk HTTP/1.1" 200 64058
[24/May/2026 10:10:38] "GET /game_details/20260524_142513_im9ouk HTTP/1.1" 200 4839
[24/May/2026 10:10:40] "GET /game_details/20260524_142513_im9ouk HTTP/1.1" 200 4839
[24/May/2026 10:10:40] "GET /players HTTP/1.1" 301 0
[24/May/2026 10:10:40] "GET /players/ HTTP/1.1" 200 73411
[24/May/2026 10:10:45] "GET /game_details/20260524_142513_im9ouk HTTP/1.1" 200 4839
[24/May/2026 10:10:50] "GET /game_details/20260524_142513_im9ouk HTTP/1.1" 200 4839
[24/May/2026 10:10:56,924] - Broken pipe from ('106.202.100.36', 45104)
[24/May/2026 10:10:56,926] - Broken pipe from ('106.202.100.36', 59762)
[24/May/2026 10:11:06] "POST /update_game/ HTTP/1.1" 200 86
[24/May/2026 10:11:06] "POST /update_game/ HTTP/1.1" 200 63
[24/May/2026 10:11:06] "GET /game/20260524_142513_im9ouk HTTP/1.1" 200 64115
[24/May/2026 10:11:18] "POST /update_game/ HTTP/1.1" 200 63
[24/May/2026 10:11:18] "GET /game/20260524_142513_im9ouk HTTP/1.1" 200 64115
[24/May/2026 10:11:20] "POST /update_game/ HTTP/1.1" 200 87
[24/May/2026 10:11:20] "POST /update_game/ HTTP/1.1" 200 63
[24/May/2026 10:11:20] "POST /update_game/ HTTP/1.1" 200 63
[24/May/2026 10:11:20] "GET /game/20260524_142513_im9ouk HTTP/1.1" 200 63887
[24/May/2026 10:11:41] "POST /update_game/ HTTP/1.1" 200 63
[24/May/2026 10:11:41] "GET /game/20260524_142513_im9ouk HTTP/1.1" 200 63823
[24/May/2026 10:12:09] "POST /update_game/ HTTP/1.1" 200 86
[24/May/2026 10:12:09] "GET /game/20260524_142513_im9ouk HTTP/1.1" 200 63880
[24/May/2026 10:12:40] "POST /update_game/ HTTP/1.1" 200 86
[24/May/2026 10:12:40] "GET /game/20260524_142513_im9ouk HTTP/1.1" 200 63938
[24/May/2026 10:13:10] "POST /update_game/ HTTP/1.1" 200 86
[24/May/2026 10:13:10] "GET /game/20260524_142513_im9ouk HTTP/1.1" 200 63998
[24/May/2026 10:14:00] "POST /update_game/ HTTP/1.1" 200 86
[24/May/2026 10:14:01] "GET /game/20260524_142513_im9ouk HTTP/1.1" 200 64037
[24/May/2026 10:14:05] "POST /update_game/ HTTP/1.1" 200 63
[24/May/2026 10:14:06] "GET /game/20260524_142513_im9ouk HTTP/1.1" 200 64033
[24/May/2026 10:14:10] "POST /update_game/ HTTP/1.1" 200 63
[24/May/2026 10:14:10] "GET /game/20260524_142513_im9ouk HTTP/1.1" 200 64037
[24/May/2026 10:14:12] "POST /update_game/ HTTP/1.1" 200 63
[24/May/2026 10:14:12] "GET /game/20260524_142513_im9ouk HTTP/1.1" 200 63911
[24/May/2026 10:14:41] "POST /update_game/ HTTP/1.1" 200 86
[24/May/2026 10:14:41] "POST /update_game/ HTTP/1.1" 200 63
[24/May/2026 10:14:41] "GET /game/20260524_142513_im9ouk HTTP/1.1" 200 63972
[24/May/2026 10:15:18] "POST /update_game/ HTTP/1.1" 200 86
[24/May/2026 10:15:19] "GET /game/20260524_142513_im9ouk HTTP/1.1" 200 64030
[24/May/2026 10:15:42] "POST /update_game/ HTTP/1.1" 200 86
[24/May/2026 10:15:42] "GET /game/20260524_142513_im9ouk HTTP/1.1" 200 64088
[24/May/2026 10:16:05] "POST /update_game/ HTTP/1.1" 200 86
[24/May/2026 10:16:05] "GET /game/20260524_142513_im9ouk HTTP/1.1" 200 64145
[24/May/2026 10:16:32] "POST /update_game/ HTTP/1.1" 200 86
[24/May/2026 10:16:32] "GET /game/20260524_142513_im9ouk HTTP/1.1" 200 64203
[24/May/2026 10:16:58] "POST /update_game/ HTTP/1.1" 200 89
[24/May/2026 10:16:58] "POST /update_game/ HTTP/1.1" 200 65
[24/May/2026 10:16:58] "POST /update_game/ HTTP/1.1" 200 65
[24/May/2026 10:16:58] "GET /game/20260524_142513_im9ouk HTTP/1.1" 200 64703
[24/May/2026 10:16:59] "GET /game/20260524_142513_im9ouk HTTP/1.1" 200 64703
[24/May/2026 10:16:59] "GET /game/20260524_142513_im9ouk HTTP/1.1" 200 64703
[24/May/2026 10:17:07] "GET /game/20260524_142513_im9ouk HTTP/1.1" 200 64703
[24/May/2026 10:17:46] "POST /update_game/ HTTP/1.1" 200 65
[24/May/2026 10:17:47] "GET /game/20260524_142513_im9ouk HTTP/1.1" 200 64573
[24/May/2026 10:17:51] "POST /update_game/ HTTP/1.1" 200 65
[24/May/2026 10:17:51] "GET /game/20260524_142513_im9ouk HTTP/1.1" 200 64453
[24/May/2026 10:17:54] "POST /update_game/ HTTP/1.1" 200 65
[24/May/2026 10:17:55] "GET /game/20260524_142513_im9ouk HTTP/1.1" 200 64392
[24/May/2026 10:19:30] "POST /update_game/ HTTP/1.1" 200 88
[24/May/2026 10:19:31] "GET /game/20260524_142513_im9ouk HTTP/1.1" 200 64450
[24/May/2026 10:19:38,767] - Broken pipe from ('152.57.135.49', 38972)
[24/May/2026 10:19:38,768] - Broken pipe from ('152.57.135.49', 40266)
[24/May/2026 10:19:59,393] - Broken pipe from ('152.57.128.246', 44164)
[24/May/2026 10:19:59,393] - Broken pipe from ('152.57.128.246', 44160)
[24/May/2026 10:20:05] "GET /players/ HTTP/1.1" 200 73417
[24/May/2026 10:20:12] "GET /game/20260524_142513_im9ouk HTTP/1.1" 200 68056
[24/May/2026 10:20:12] "GET /game_details/20260524_142513_im9ouk HTTP/1.1" 200 4840
Not Found: /favicon.ico
[24/May/2026 10:20:12] "GET /favicon.ico HTTP/1.1" 404 4232
[24/May/2026 10:20:17] "GET /game_details/20260524_142513_im9ouk HTTP/1.1" 200 4840
[24/May/2026 10:20:19] "GET /matches HTTP/1.1" 301 0
[24/May/2026 10:20:19] "GET /matches/ HTTP/1.1" 200 42598
[24/May/2026 10:20:28] "GET /matches/ HTTP/1.1" 200 42604
[24/May/2026 10:20:31] "GET /game/20260524_142513_im9ouk HTTP/1.1" 200 64450
[24/May/2026 10:20:36] "GET /game/20260524_122340_R6C21N HTTP/1.1" 200 68056
[24/May/2026 10:20:36] "GET /game_details/20260524_122340_R6C21N HTTP/1.1" 200 4346
[24/May/2026 10:20:43] "POST /update_game/ HTTP/1.1" 200 88
[24/May/2026 10:20:43] "GET /game/20260524_142513_im9ouk HTTP/1.1" 200 64508
[24/May/2026 10:20:55] "GET /game/20260524_142513_im9ouk HTTP/1.1" 200 64508
[24/May/2026 10:20:59] "POST /update_game/ HTTP/1.1" 200 88
[24/May/2026 10:20:59] "GET /game/20260524_142513_im9ouk HTTP/1.1" 200 64565
[24/May/2026 10:21:17] "POST /update_game/ HTTP/1.1" 200 88
[24/May/2026 10:21:17] "GET /game/20260524_142513_im9ouk HTTP/1.1" 200 64622
[24/May/2026 10:21:23] "GET /matches/ HTTP/1.1" 200 42598
[24/May/2026 10:21:27] "GET /game/20260524_142513_im9ouk HTTP/1.1" 200 68056
[24/May/2026 10:21:27] "GET /game_details/20260524_142513_im9ouk HTTP/1.1" 200 4856
[24/May/2026 10:21:32] "GET /game_details/20260524_142513_im9ouk HTTP/1.1" 200 4856
[24/May/2026 10:21:37] "GET /game_details/20260524_142513_im9ouk HTTP/1.1" 200 4856
[24/May/2026 10:21:42] "GET /game_details/20260524_142513_im9ouk HTTP/1.1" 200 4856
[24/May/2026 10:21:42] "GET /game/20260524_142513_im9ouk HTTP/1.1" 200 64622
[24/May/2026 10:21:47] "GET /game_details/20260524_142513_im9ouk HTTP/1.1" 200 4856
[24/May/2026 10:21:51] "POST /update_game/ HTTP/1.1" 200 88
[24/May/2026 10:21:51] "GET /game/20260524_142513_im9ouk HTTP/1.1" 200 64679
[24/May/2026 10:21:52] "GET /game_details/20260524_142513_im9ouk HTTP/1.1" 200 4861
[24/May/2026 10:21:55] "GET /game/20260524_142513_im9ouk HTTP/1.1" 200 64679
[24/May/2026 10:21:57] "GET /game_details/20260524_142513_im9ouk HTTP/1.1" 200 4861
[24/May/2026 10:22:02] "GET /game_details/20260524_142513_im9ouk HTTP/1.1" 200 4861
[24/May/2026 10:22:07] "GET /game_details/20260524_142513_im9ouk HTTP/1.1" 200 4861
[24/May/2026 10:22:12] "GET /game_details/20260524_142513_im9ouk HTTP/1.1" 200 4861
[24/May/2026 10:22:17] "GET /game_details/20260524_142513_im9ouk HTTP/1.1" 200 4861
[24/May/2026 10:22:19] "POST /update_game/ HTTP/1.1" 200 88
[24/May/2026 10:22:19] "GET /game/20260524_142513_im9ouk HTTP/1.1" 200 64737
[24/May/2026 10:22:22] "GET /game_details/20260524_142513_im9ouk HTTP/1.1" 200 4867
[24/May/2026 10:22:27] "GET /game_details/20260524_142513_im9ouk HTTP/1.1" 200 4867
[24/May/2026 10:22:31] "POST /update_game/ HTTP/1.1" 200 88
[24/May/2026 10:22:31] "GET /game/20260524_142513_im9ouk HTTP/1.1" 200 64794
[24/May/2026 10:22:33,342] - Broken pipe from ('183.83.192.76', 24336)
[24/May/2026 10:22:33,344] - Broken pipe from ('183.83.192.76', 25250)
[24/May/2026 10:22:35] "GET /game/20260524_142513_im9ouk HTTP/1.1" 200 64794
[24/May/2026 10:23:05] "POST /update_game/ HTTP/1.1" 200 88
[24/May/2026 10:23:05] "GET /game/20260524_142513_im9ouk HTTP/1.1" 200 64852
[24/May/2026 10:23:06] "POST /update_game/ HTTP/1.1" 200 88
[24/May/2026 10:23:06] "GET /game/20260524_142513_im9ouk HTTP/1.1" 200 64909
[24/May/2026 10:23:16] "GET /game/20260524_142513_im9ouk HTTP/1.1" 200 64909
[24/May/2026 10:23:17] "POST /update_game/ HTTP/1.1" 200 89
[24/May/2026 10:23:17] "POST /update_game/ HTTP/1.1" 200 65
[24/May/2026 10:23:17] "GET /game/20260524_142513_im9ouk HTTP/1.1" 200 64455
[24/May/2026 10:23:32,232] - Broken pipe from ('152.57.143.6', 45412)
[24/May/2026 10:23:32,233] - Broken pipe from ('152.57.143.6', 39996)
[24/May/2026 10:23:48] "POST /update_game/ HTTP/1.1" 200 65
[24/May/2026 10:23:48] "GET /game/20260524_142513_im9ouk HTTP/1.1" 200 64394
[24/May/2026 10:24:08] "POST /update_game/ HTTP/1.1" 200 88
[24/May/2026 10:24:08] "GET /game/20260524_142513_im9ouk HTTP/1.1" 200 64452
[24/May/2026 10:24:20] "GET /game/20260524_122340_R6C21N HTTP/1.1" 200 61404
[24/May/2026 10:24:29] "GET /game/20260524_142513_im9ouk HTTP/1.1" 200 64452
[24/May/2026 10:24:30] "GET /game/20260524_142513_im9ouk HTTP/1.1" 200 64452
[24/May/2026 10:25:18] "GET /game/20260524_142513_im9ouk HTTP/1.1" 200 64452
[24/May/2026 10:25:32] "GET /game/20260524_142513_im9ouk HTTP/1.1" 200 64452
[24/May/2026 10:25:32] "POST /update_game/ HTTP/1.1" 200 88
[24/May/2026 10:25:32] "GET /game/20260524_142513_im9ouk HTTP/1.1" 200 64509
[24/May/2026 10:25:40] "GET /players/ HTTP/1.1" 200 73417
[24/May/2026 10:26:11] "GET /player/Praveer HTTP/1.1" 200 66068
[24/May/2026 10:26:56] "POST /update_game/ HTTP/1.1" 200 88
[24/May/2026 10:26:56] "GET /game/20260524_142513_im9ouk HTTP/1.1" 200 64566
[24/May/2026 10:26:56,707] - Broken pipe from ('152.57.139.104', 38544)
[24/May/2026 10:26:56,708] - Broken pipe from ('152.57.139.104', 38384)
[24/May/2026 10:27:14] "POST /update_game/ HTTP/1.1" 200 88
[24/May/2026 10:27:14] "POST /update_game/ HTTP/1.1" 200 65
[24/May/2026 10:27:14] "GET /game/20260524_142513_im9ouk HTTP/1.1" 200 64623
[24/May/2026 10:27:28] "POST /update_game/ HTTP/1.1" 200 88
[24/May/2026 10:27:28] "GET /game/20260524_142513_im9ouk HTTP/1.1" 200 64680
[24/May/2026 10:27:39] "POST /update_game/ HTTP/1.1" 200 88
[24/May/2026 10:27:40] "GET /game/20260524_142513_im9ouk HTTP/1.1" 200 64737
[24/May/2026 10:27:50] "POST /update_game/ HTTP/1.1" 200 89
[24/May/2026 10:27:51] "GET /game/20260524_142513_im9ouk HTTP/1.1" 200 64430
[24/May/2026 10:28:01] "POST /update_game/ HTTP/1.1" 200 65
[24/May/2026 10:28:01] "GET /game/20260524_142513_im9ouk HTTP/1.1" 200 64302
[24/May/2026 10:28:04] "POST /update_game/ HTTP/1.1" 200 65
[24/May/2026 10:28:04] "GET /game/20260524_142513_im9ouk HTTP/1.1" 200 64302
[24/May/2026 10:28:07] "GET /game/20260524_142513_im9ouk HTTP/1.1" 200 64302
[24/May/2026 10:28:07] "POST /update_game/ HTTP/1.1" 200 65
[24/May/2026 10:28:08] "GET /game/20260524_142513_im9ouk HTTP/1.1" 200 64242
[24/May/2026 10:28:16,167] - Broken pipe from ('152.57.139.104', 48310)
[24/May/2026 10:28:16,168] - Broken pipe from ('152.57.139.104', 48318)
[24/May/2026 10:28:25] "POST /update_game/ HTTP/1.1" 200 88
[24/May/2026 10:28:25] "GET /game/20260524_142513_im9ouk HTTP/1.1" 200 64300
[24/May/2026 10:28:45] "POST /update_game/ HTTP/1.1" 200 88
[24/May/2026 10:28:45] "GET /game/20260524_142513_im9ouk HTTP/1.1" 200 64357
[24/May/2026 10:29:05] "POST /update_game/ HTTP/1.1" 200 88
[24/May/2026 10:29:05] "GET /game/20260524_142513_im9ouk HTTP/1.1" 200 64414
[24/May/2026 10:29:13] "POST /update_game/ HTTP/1.1" 200 88
[24/May/2026 10:29:14] "GET /game/20260524_142513_im9ouk HTTP/1.1" 200 64471
[24/May/2026 10:29:23] "POST /update_game/ HTTP/1.1" 200 88
[24/May/2026 10:29:23] "GET /game/20260524_142513_im9ouk HTTP/1.1" 200 64530
[24/May/2026 10:29:57] "POST /update_game/ HTTP/1.1" 200 88
[24/May/2026 10:29:57] "GET /game/20260524_142513_im9ouk HTTP/1.1" 200 64588
[24/May/2026 10:30:05] "POST /update_game/ HTTP/1.1" 200 88
[24/May/2026 10:30:06] "GET /game/20260524_142513_im9ouk HTTP/1.1" 200 64645
[24/May/2026 10:30:32] "POST /update_game/ HTTP/1.1" 200 89
[24/May/2026 10:30:32] "POST /update_game/ HTTP/1.1" 200 65
[24/May/2026 10:30:32] "GET /game/20260524_142513_im9ouk HTTP/1.1" 200 64303
[24/May/2026 10:30:37] "POST /update_game/ HTTP/1.1" 200 65
[24/May/2026 10:30:38] "GET /game/20260524_142513_im9ouk HTTP/1.1" 200 64242
[24/May/2026 10:32:00] "POST /update_game/ HTTP/1.1" 200 88
[24/May/2026 10:32:00] "GET /game/20260524_142513_im9ouk HTTP/1.1" 200 64300
[24/May/2026 10:32:04] "POST /update_game/ HTTP/1.1" 200 88
[24/May/2026 10:32:05] "GET /game/20260524_142513_im9ouk HTTP/1.1" 200 64358
[24/May/2026 10:32:41] "POST /update_game/ HTTP/1.1" 200 88
[24/May/2026 10:32:41] "GET /game/20260524_142513_im9ouk HTTP/1.1" 200 64392
[24/May/2026 10:32:46] "POST /update_game/ HTTP/1.1" 200 65
[24/May/2026 10:32:46] "GET /game/20260524_142513_im9ouk HTTP/1.1" 200 64272
[24/May/2026 10:33:00] "GET /game/20260524_142513_im9ouk HTTP/1.1" 200 64272
[24/May/2026 10:33:05] "POST /update_game/ HTTP/1.1" 200 88
[24/May/2026 10:33:05] "GET /game/20260524_142513_im9ouk HTTP/1.1" 200 64329
[24/May/2026 10:33:19] "POST /update_game/ HTTP/1.1" 200 88
[24/May/2026 10:33:19] "GET /game/20260524_142513_im9ouk HTTP/1.1" 200 64386
[24/May/2026 10:33:52] "POST /update_game/ HTTP/1.1" 200 88
[24/May/2026 10:33:52] "GET /game/20260524_142513_im9ouk HTTP/1.1" 200 64445
[24/May/2026 10:34:03] "POST /update_game/ HTTP/1.1" 200 88
[24/May/2026 10:34:03] "GET /game/20260524_142513_im9ouk HTTP/1.1" 200 64502
[24/May/2026 10:34:29] "POST /update_game/ HTTP/1.1" 200 89
[24/May/2026 10:34:29] "POST /update_game/ HTTP/1.1" 200 65
[24/May/2026 10:34:29] "GET /game/20260524_142513_im9ouk HTTP/1.1" 200 64161
[24/May/2026 10:34:34] "POST /update_game/ HTTP/1.1" 200 65
[24/May/2026 10:34:34] "GET /game/20260524_142513_im9ouk HTTP/1.1" 200 64102
[24/May/2026 10:34:48] "GET /game/20260524_142513_im9ouk HTTP/1.1" 200 64102
[24/May/2026 10:35:13] "POST /update_game/ HTTP/1.1" 200 88
[24/May/2026 10:35:13] "GET /game/20260524_142513_im9ouk HTTP/1.1" 200 64160
[24/May/2026 10:35:16] "GET /game/20260524_142513_im9ouk HTTP/1.1" 200 64160
[24/May/2026 10:35:51,528] - Broken pipe from ('152.57.139.104', 42888)
[24/May/2026 10:35:51,532] - Broken pipe from ('152.57.139.104', 43850)
[24/May/2026 10:35:52] "POST /update_game/ HTTP/1.1" 200 88
[24/May/2026 10:35:52] "GET /game/20260524_142513_im9ouk HTTP/1.1" 200 64220
[24/May/2026 10:36:15] "POST /update_game/ HTTP/1.1" 200 88
[24/May/2026 10:36:16] "GET /game/20260524_142513_im9ouk HTTP/1.1" 200 64278
[24/May/2026 10:36:34] "POST /update_game/ HTTP/1.1" 200 88
[24/May/2026 10:36:34] "POST /update_game/ HTTP/1.1" 200 65
[24/May/2026 10:36:34] "GET /game/20260524_142513_im9ouk HTTP/1.1" 200 64335
[24/May/2026 10:36:55] "POST /update_game/ HTTP/1.1" 200 88
[24/May/2026 10:36:55] "GET /game/20260524_142513_im9ouk HTTP/1.1" 200 64393
[24/May/2026 10:36:57] "GET /game_details/20260524_142513_im9ouk HTTP/1.1" 200 4863
Not Found: /favicon.ico
[24/May/2026 10:36:57] "GET /favicon.ico HTTP/1.1" 404 4232
[24/May/2026 10:37:17] "GET /game_details/20260524_142513_im9ouk HTTP/1.1" 200 4863
[24/May/2026 10:37:19] "POST /update_game/ HTTP/1.1" 200 88
[24/May/2026 10:37:19] "GET /game/20260524_142513_im9ouk HTTP/1.1" 200 64450
[24/May/2026 10:37:31] "POST /update_game/ HTTP/1.1" 200 88
[24/May/2026 10:37:31] "GET /game/20260524_142513_im9ouk HTTP/1.1" 200 64507
[24/May/2026 10:37:31] "GET /matches/ HTTP/1.1" 200 42598
[24/May/2026 10:37:33] "GET /game_details/20260524_142513_im9ouk HTTP/1.1" 200 4873
Not Found: /favicon.ico
[24/May/2026 10:37:40] "GET /favicon.ico HTTP/1.1" 404 4232
[24/May/2026 10:37:42] "POST /update_game/ HTTP/1.1" 200 88
[24/May/2026 10:37:42] "GET /game/20260524_142513_im9ouk HTTP/1.1" 200 64564
[24/May/2026 10:37:46] "GET /game/20260524_142513_im9ouk HTTP/1.1" 200 68056
[24/May/2026 10:37:48] "GET /game_details/20260524_142513_im9ouk HTTP/1.1" 200 4878
[24/May/2026 10:37:48] "GET /game_details/20260524_142513_im9ouk HTTP/1.1" 200 4878
[24/May/2026 10:37:48] "GET /game_details/20260524_142513_im9ouk HTTP/1.1" 200 4878
[24/May/2026 10:37:48] "GET /game_details/20260524_142513_im9ouk HTTP/1.1" 200 4878
[24/May/2026 10:37:54] "GET /game_details/20260524_142513_im9ouk HTTP/1.1" 200 4878
[24/May/2026 10:37:56] "GET /game/20260524_142513_im9ouk HTTP/1.1" 200 64564
[24/May/2026 10:37:59] "GET /game_details/20260524_142513_im9ouk HTTP/1.1" 200 4878
[24/May/2026 10:38:04] "GET /game_details/20260524_142513_im9ouk HTTP/1.1" 200 4878
[24/May/2026 10:38:09] "GET /game_details/20260524_142513_im9ouk HTTP/1.1" 200 4878
[24/May/2026 10:38:14] "GET /game_details/20260524_142513_im9ouk HTTP/1.1" 200 4878
[24/May/2026 10:38:19] "GET /game_details/20260524_142513_im9ouk HTTP/1.1" 200 4878
[24/May/2026 10:38:23] "POST /update_game/ HTTP/1.1" 200 89
[24/May/2026 10:38:23] "POST /update_game/ HTTP/1.1" 200 65
[24/May/2026 10:38:23] "GET /game/20260524_142513_im9ouk HTTP/1.1" 200 64164
[24/May/2026 10:38:24] "GET /game_details/20260524_142513_im9ouk HTTP/1.1" 200 4584
[24/May/2026 10:38:26] "GET /game/20260524_142513_im9ouk HTTP/1.1" 200 64164
[24/May/2026 10:38:28] "GET /game_details/20260524_142513_im9ouk HTTP/1.1" 200 4584
[24/May/2026 10:38:34] "GET /game_details/20260524_142513_im9ouk HTTP/1.1" 200 4584
[24/May/2026 10:38:39] "GET /game_details/20260524_142513_im9ouk HTTP/1.1" 200 4584
[24/May/2026 10:38:44] "GET /game_details/20260524_142513_im9ouk HTTP/1.1" 200 4584
[24/May/2026 10:38:47] "GET /game/20260524_142513_im9ouk HTTP/1.1" 200 64164
[24/May/2026 10:38:49] "GET /game_details/20260524_142513_im9ouk HTTP/1.1" 200 4584
[24/May/2026 10:38:54] "GET /game_details/20260524_142513_im9ouk HTTP/1.1" 200 4584
[24/May/2026 10:38:59] "GET /game_details/20260524_142513_im9ouk HTTP/1.1" 200 4584
[24/May/2026 10:39:01] "POST /update_game/ HTTP/1.1" 200 65
[24/May/2026 10:39:01] "GET /game/20260524_142513_im9ouk HTTP/1.1" 200 64104
[24/May/2026 10:39:04] "GET /game_details/20260524_142513_im9ouk HTTP/1.1" 200 4837
[24/May/2026 10:39:09] "GET /game_details/20260524_142513_im9ouk HTTP/1.1" 200 4837
[24/May/2026 10:39:13] "GET /game_details/20260524_142513_im9ouk HTTP/1.1" 200 4837
[24/May/2026 10:39:18] "POST /undo_data/ HTTP/1.1" 200 55
[24/May/2026 10:39:18] "GET /game/20260524_142513_im9ouk HTTP/1.1" 200 64164
[24/May/2026 10:39:19] "GET /game_details/20260524_142513_im9ouk HTTP/1.1" 200 4584
[24/May/2026 10:39:24] "GET /game_details/20260524_142513_im9ouk HTTP/1.1" 200 4584
[24/May/2026 10:39:27] "POST /update_game/ HTTP/1.1" 200 65
[24/May/2026 10:39:27] "GET /game/20260524_142513_im9ouk HTTP/1.1" 200 64104
[24/May/2026 10:39:29] "GET /game_details/20260524_142513_im9ouk HTTP/1.1" 200 4837
[24/May/2026 10:39:33] "GET /game/20260524_142513_im9ouk HTTP/1.1" 200 64104
[24/May/2026 10:39:34] "GET /game_details/20260524_142513_im9ouk HTTP/1.1" 200 4837
[24/May/2026 10:39:39] "GET /game_details/20260524_142513_im9ouk HTTP/1.1" 200 4837
[24/May/2026 10:39:44] "GET /game_details/20260524_142513_im9ouk HTTP/1.1" 200 4837
[24/May/2026 10:39:49] "GET /game_details/20260524_142513_im9ouk HTTP/1.1" 200 4837
[24/May/2026 10:39:49] "POST /update_game/ HTTP/1.1" 200 88
[24/May/2026 10:39:49] "GET /game/20260524_142513_im9ouk HTTP/1.1" 200 64166
[24/May/2026 10:39:52] "GET /game/20260524_142513_im9ouk HTTP/1.1" 200 64166
[24/May/2026 10:39:54] "GET /game_details/20260524_142513_im9ouk HTTP/1.1" 200 4844
[24/May/2026 10:39:59] "GET /game_details/20260524_142513_im9ouk HTTP/1.1" 200 4844
[24/May/2026 10:40:04] "GET /game_details/20260524_142513_im9ouk HTTP/1.1" 200 4844
[24/May/2026 10:40:09] "GET /game_details/20260524_142513_im9ouk HTTP/1.1" 200 4844
[24/May/2026 10:40:11] "POST /update_game/ HTTP/1.1" 200 65
[24/May/2026 10:40:11] "GET /game/20260524_142513_im9ouk HTTP/1.1" 200 64164
[24/May/2026 10:40:13] "POST /update_game/ HTTP/1.1" 200 65
[24/May/2026 10:40:13] "POST /update_game/ HTTP/1.1" 200 65
[24/May/2026 10:40:14] "GET /game/20260524_142513_im9ouk HTTP/1.1" 200 64222
[24/May/2026 10:40:14] "GET /game_details/20260524_142513_im9ouk HTTP/1.1" 200 4844
[24/May/2026 10:40:19] "GET /game_details/20260524_142513_im9ouk HTTP/1.1" 200 4844
[24/May/2026 10:40:20] "POST /update_game/ HTTP/1.1" 200 65
[24/May/2026 10:40:20] "GET /game/20260524_142513_im9ouk HTTP/1.1" 200 64224
[24/May/2026 10:40:24] "GET /game_details/20260524_142513_im9ouk HTTP/1.1" 200 4850
[24/May/2026 10:40:29] "GET /game_details/20260524_142513_im9ouk HTTP/1.1" 200 4850
[24/May/2026 10:40:34] "GET /game_details/20260524_142513_im9ouk HTTP/1.1" 200 4850
[24/May/2026 10:40:39] "GET /game_details/20260524_142513_im9ouk HTTP/1.1" 200 4850
[24/May/2026 10:40:44] "GET /game_details/20260524_142513_im9ouk HTTP/1.1" 200 4850
[24/May/2026 10:40:49] "GET /game_details/20260524_142513_im9ouk HTTP/1.1" 200 4850
[24/May/2026 10:40:54] "GET /game_details/20260524_142513_im9ouk HTTP/1.1" 200 4850
[24/May/2026 10:40:59] "GET /game_details/20260524_142513_im9ouk HTTP/1.1" 200 4850
[24/May/2026 10:41:04] "GET /game_details/20260524_142513_im9ouk HTTP/1.1" 200 4850
[24/May/2026 10:41:09] "GET /game_details/20260524_142513_im9ouk HTTP/1.1" 200 4850
[24/May/2026 10:41:12,869] - Broken pipe from ('152.57.141.253', 37116)
[24/May/2026 10:41:12,869] - Broken pipe from ('152.57.141.253', 42030)
[24/May/2026 10:41:14] "GET /game_details/20260524_142513_im9ouk HTTP/1.1" 200 4850
[24/May/2026 10:41:14] "POST /undo_data/ HTTP/1.1" 200 55
[24/May/2026 10:41:14] "GET /game/20260524_142513_im9ouk HTTP/1.1" 200 64222
[24/May/2026 10:41:19] "GET /game_details/20260524_142513_im9ouk HTTP/1.1" 200 4844
[24/May/2026 10:41:22] "POST /update_game/ HTTP/1.1" 200 65
[24/May/2026 10:41:22] "GET /game/20260524_142513_im9ouk HTTP/1.1" 200 64224
[24/May/2026 10:41:24] "GET /game_details/20260524_142513_im9ouk HTTP/1.1" 200 4850
[24/May/2026 10:41:26] "POST /update_game/ HTTP/1.1" 200 65
[24/May/2026 10:41:26] "GET /game/20260524_142513_im9ouk HTTP/1.1" 200 64224
[24/May/2026 10:41:29] "GET /game_details/20260524_142513_im9ouk HTTP/1.1" 200 4850
[24/May/2026 10:41:34] "GET /game_details/20260524_142513_im9ouk HTTP/1.1" 200 4850
[24/May/2026 10:41:39] "GET /game_details/20260524_142513_im9ouk HTTP/1.1" 200 4850
[24/May/2026 10:41:39] "POST /update_game/ HTTP/1.1" 200 88
[24/May/2026 10:41:39] "POST /update_game/ HTTP/1.1" 200 65
[24/May/2026 10:41:40] "GET /game/20260524_142513_im9ouk HTTP/1.1" 200 64281
[24/May/2026 10:41:44] "GET /game_details/20260524_142513_im9ouk HTTP/1.1" 200 4855
[24/May/2026 10:41:46] "GET /game/20260524_142513_im9ouk HTTP/1.1" 200 64281
[24/May/2026 10:41:49] "GET /game_details/20260524_142513_im9ouk HTTP/1.1" 200 4855
[24/May/2026 10:41:54] "GET /game_details/20260524_142513_im9ouk HTTP/1.1" 200 4855
[24/May/2026 10:41:59] "GET /game_details/20260524_142513_im9ouk HTTP/1.1" 200 4855
[24/May/2026 10:42:04] "GET /game_details/20260524_142513_im9ouk HTTP/1.1" 200 4855
[24/May/2026 10:42:09] "GET /game_details/20260524_142513_im9ouk HTTP/1.1" 200 4855
[24/May/2026 10:42:14] "GET /game_details/20260524_142513_im9ouk HTTP/1.1" 200 4855
[24/May/2026 10:42:15] "POST /update_game/ HTTP/1.1" 200 88
[24/May/2026 10:42:16] "POST /update_game/ HTTP/1.1" 200 65
[24/May/2026 10:42:16] "GET /game/20260524_142513_im9ouk HTTP/1.1" 200 64341
[24/May/2026 10:42:19] "GET /game_details/20260524_142513_im9ouk HTTP/1.1" 200 4862
[24/May/2026 10:42:19] "GET /game/20260524_142513_im9ouk HTTP/1.1" 200 64341
[24/May/2026 10:42:24] "GET /game_details/20260524_142513_im9ouk HTTP/1.1" 200 4862
[24/May/2026 10:42:29] "GET /game_details/20260524_142513_im9ouk HTTP/1.1" 200 4862
[24/May/2026 10:42:34] "GET /game_details/20260524_142513_im9ouk HTTP/1.1" 200 4862
[24/May/2026 10:42:39] "GET /game_details/20260524_142513_im9ouk HTTP/1.1" 200 4862
[24/May/2026 10:42:44] "GET /game_details/20260524_142513_im9ouk HTTP/1.1" 200 4862
[24/May/2026 10:42:48] "POST /update_game/ HTTP/1.1" 200 88
[24/May/2026 10:42:49] "POST /update_game/ HTTP/1.1" 200 65
[24/May/2026 10:42:49] "GET /game/20260524_142513_im9ouk HTTP/1.1" 200 64398
[24/May/2026 10:42:49] "GET /game_details/20260524_142513_im9ouk HTTP/1.1" 200 4867
[24/May/2026 10:42:50] "GET /game/20260524_142513_im9ouk HTTP/1.1" 200 64398
[24/May/2026 10:42:54] "GET /game_details/20260524_142513_im9ouk HTTP/1.1" 200 4867
[24/May/2026 10:42:59] "GET /game_details/20260524_142513_im9ouk HTTP/1.1" 200 4867
[24/May/2026 10:43:03,653] - Broken pipe from ('152.57.136.38', 42662)
[24/May/2026 10:43:03,654] - Broken pipe from ('152.57.136.38', 39536)
[24/May/2026 10:43:04] "GET /game_details/20260524_142513_im9ouk HTTP/1.1" 200 4867
[24/May/2026 10:43:06] "POST /update_game/ HTTP/1.1" 200 88
[24/May/2026 10:43:06] "GET /game/20260524_142513_im9ouk HTTP/1.1" 200 64455
[24/May/2026 10:43:09] "GET /game_details/20260524_142513_im9ouk HTTP/1.1" 200 4872
[24/May/2026 10:43:14] "GET /game_details/20260524_142513_im9ouk HTTP/1.1" 200 4872
[24/May/2026 10:43:19] "GET /game_details/20260524_142513_im9ouk HTTP/1.1" 200 4872
[24/May/2026 10:43:24] "GET /game_details/20260524_142513_im9ouk HTTP/1.1" 200 4872
[24/May/2026 10:43:29] "GET /game_details/20260524_142513_im9ouk HTTP/1.1" 200 4872
[24/May/2026 10:43:34] "GET /game_details/20260524_142513_im9ouk HTTP/1.1" 200 4872
[24/May/2026 10:43:39] "GET /game_details/20260524_142513_im9ouk HTTP/1.1" 200 4872
[24/May/2026 10:43:43] "POST /update_game/ HTTP/1.1" 200 89
[24/May/2026 10:43:43] "POST /update_game/ HTTP/1.1" 200 65
[24/May/2026 10:43:43] "POST /update_game/ HTTP/1.1" 200 65
[24/May/2026 10:43:43] "GET /game/20260524_142513_im9ouk HTTP/1.1" 200 64171
[24/May/2026 10:43:43] "GET /game/20260524_142513_im9ouk HTTP/1.1" 200 64171
[24/May/2026 10:43:43,782] - Broken pipe from ('157.50.191.197', 44454)
[24/May/2026 10:43:43] "GET /game/20260524_142513_im9ouk HTTP/1.1" 200 64171
[24/May/2026 10:43:44] "GET /game_details/20260524_142513_im9ouk HTTP/1.1" 200 4589
[24/May/2026 10:43:49] "GET /game_details/20260524_142513_im9ouk HTTP/1.1" 200 4589
[24/May/2026 10:43:54] "GET /game_details/20260524_142513_im9ouk HTTP/1.1" 200 4589
[24/May/2026 10:43:55] "GET /game/20260524_142513_im9ouk HTTP/1.1" 200 64171
[24/May/2026 10:43:59] "GET /game_details/20260524_142513_im9ouk HTTP/1.1" 200 4589
[24/May/2026 10:44:04] "GET /game_details/20260524_142513_im9ouk HTTP/1.1" 200 4589
[24/May/2026 10:44:06] "POST /update_game/ HTTP/1.1" 200 65
[24/May/2026 10:44:06] "GET /game/20260524_142513_im9ouk HTTP/1.1" 200 64171
[24/May/2026 10:44:09] "GET /game_details/20260524_142513_im9ouk HTTP/1.1" 200 4589
[24/May/2026 10:44:11] "POST /update_game/ HTTP/1.1" 200 65
[24/May/2026 10:44:11] "GET /game/20260524_142513_im9ouk HTTP/1.1" 200 64110
[24/May/2026 10:44:12,088] - Broken pipe from ('152.57.136.38', 42320)
[24/May/2026 10:44:12,088] - Broken pipe from ('152.57.136.38', 42328)
[24/May/2026 10:44:14] "GET /game_details/20260524_142513_im9ouk HTTP/1.1" 200 4841
[24/May/2026 10:44:19] "GET /game_details/20260524_142513_im9ouk HTTP/1.1" 200 4841
[24/May/2026 10:44:21] "POST /update_game/ HTTP/1.1" 200 88
[24/May/2026 10:44:21] "GET /game/20260524_142513_im9ouk HTTP/1.1" 200 64167
[24/May/2026 10:44:24] "GET /game_details/20260524_142513_im9ouk HTTP/1.1" 200 4844
[24/May/2026 10:44:28] "GET /game/20260524_142513_im9ouk HTTP/1.1" 200 64167
[24/May/2026 10:44:29] "GET /game_details/20260524_142513_im9ouk HTTP/1.1" 200 4844
[24/May/2026 10:44:34] "GET /game_details/20260524_142513_im9ouk HTTP/1.1" 200 4844
[24/May/2026 10:44:39] "GET /game_details/20260524_142513_im9ouk HTTP/1.1" 200 4844
[24/May/2026 10:44:44] "GET /game_details/20260524_142513_im9ouk HTTP/1.1" 200 4844
[24/May/2026 10:44:49] "GET /game_details/20260524_142513_im9ouk HTTP/1.1" 200 4844
[24/May/2026 10:44:54] "GET /game_details/20260524_142513_im9ouk HTTP/1.1" 200 4844
[24/May/2026 10:44:59] "GET /game_details/20260524_142513_im9ouk HTTP/1.1" 200 4844
[24/May/2026 10:45:04] "GET /game_details/20260524_142513_im9ouk HTTP/1.1" 200 4844
[24/May/2026 10:45:09] "GET /game_details/20260524_142513_im9ouk HTTP/1.1" 200 4844
[24/May/2026 10:45:10] "POST /update_game/ HTTP/1.1" 200 88
[24/May/2026 10:45:10] "GET /game/20260524_142513_im9ouk HTTP/1.1" 200 64224
[24/May/2026 10:45:14] "GET /game_details/20260524_142513_im9ouk HTTP/1.1" 200 4849
[24/May/2026 10:45:19] "GET /game_details/20260524_142513_im9ouk HTTP/1.1" 200 4849
[24/May/2026 10:45:24] "GET /game_details/20260524_142513_im9ouk HTTP/1.1" 200 4849
[24/May/2026 10:45:24] "GET /game/20260524_142513_im9ouk HTTP/1.1" 200 64224
[24/May/2026 10:45:29] "GET /game_details/20260524_142513_im9ouk HTTP/1.1" 200 4849
[24/May/2026 10:45:32] "POST /update_game/ HTTP/1.1" 200 88
[24/May/2026 10:45:32] "GET /game/20260524_142513_im9ouk HTTP/1.1" 200 64286
[24/May/2026 10:45:34] "GET /game_details/20260524_142513_im9ouk HTTP/1.1" 200 4858
[24/May/2026 10:45:36] "GET /game/20260524_142513_im9ouk HTTP/1.1" 200 64286
[24/May/2026 10:45:39] "GET /game_details/20260524_142513_im9ouk HTTP/1.1" 200 4858
[24/May/2026 10:45:44] "GET /game_details/20260524_142513_im9ouk HTTP/1.1" 200 4858
[24/May/2026 10:45:49] "GET /game_details/20260524_142513_im9ouk HTTP/1.1" 200 4858
[24/May/2026 10:45:53] "POST /update_game/ HTTP/1.1" 200 88
[24/May/2026 10:45:53] "GET /game/20260524_142513_im9ouk HTTP/1.1" 200 64343
[24/May/2026 10:45:54] "GET /game_details/20260524_142513_im9ouk HTTP/1.1" 200 4863
[24/May/2026 10:45:59] "GET /game_details/20260524_142513_im9ouk HTTP/1.1" 200 4863
[24/May/2026 10:46:00] "GET /game/20260524_142513_im9ouk HTTP/1.1" 200 64343
[24/May/2026 10:46:04] "GET /game_details/20260524_142513_im9ouk HTTP/1.1" 200 4863
[24/May/2026 10:46:05] "POST /update_game/ HTTP/1.1" 200 88
[24/May/2026 10:46:06] "GET /game/20260524_142513_im9ouk HTTP/1.1" 200 64400
[24/May/2026 10:46:09] "GET /game_details/20260524_142513_im9ouk HTTP/1.1" 200 4868
[24/May/2026 10:46:14] "GET /game_details/20260524_142513_im9ouk HTTP/1.1" 200 4868
[24/May/2026 10:46:18,192] - Broken pipe from ('152.57.136.38', 46010)
[24/May/2026 10:46:18,193] - Broken pipe from ('152.57.136.38', 41742)
[24/May/2026 10:46:19] "GET /game_details/20260524_142513_im9ouk HTTP/1.1" 200 4868
[24/May/2026 10:46:24] "GET /game_details/20260524_142513_im9ouk HTTP/1.1" 200 4868
[24/May/2026 10:46:28] "POST /update_game/ HTTP/1.1" 200 89
[24/May/2026 10:46:28] "GET /game/20260524_142513_im9ouk HTTP/1.1" 200 64156
[24/May/2026 10:46:29] "GET /game_details/20260524_142513_im9ouk HTTP/1.1" 200 4338
[24/May/2026 10:46:34] "GET /game_details/20260524_142513_im9ouk HTTP/1.1" 200 4338
[24/May/2026 10:46:37] "POST /update_game/ HTTP/1.1" 200 65
[24/May/2026 10:46:37] "GET /game/20260524_142513_im9ouk HTTP/1.1" 200 64032
[24/May/2026 10:46:39] "GET /game_details/20260524_142513_im9ouk HTTP/1.1" 200 4589
[24/May/2026 10:46:44] "GET /game_details/20260524_142513_im9ouk HTTP/1.1" 200 4589
[24/May/2026 10:46:49] "GET /game_details/20260524_142513_im9ouk HTTP/1.1" 200 4589
[24/May/2026 10:46:54] "GET /game_details/20260524_142513_im9ouk HTTP/1.1" 200 4589
[24/May/2026 10:46:59] "GET /game_details/20260524_142513_im9ouk HTTP/1.1" 200 4589
[24/May/2026 10:47:04] "GET /game_details/20260524_142513_im9ouk HTTP/1.1" 200 4589
[24/May/2026 10:47:09] "GET /game_details/20260524_142513_im9ouk HTTP/1.1" 200 4589
[24/May/2026 10:47:14] "GET /game_details/20260524_142513_im9ouk HTTP/1.1" 200 4589
[24/May/2026 10:47:14] "POST /update_game/ HTTP/1.1" 200 65
[24/May/2026 10:47:15] "GET /game/20260524_142513_im9ouk HTTP/1.1" 200 63971
[24/May/2026 10:47:18] "POST /update_game/ HTTP/1.1" 200 65
[24/May/2026 10:47:19] "GET /game_details/20260524_142513_im9ouk HTTP/1.1" 200 4841
[24/May/2026 10:47:19] "GET /game/20260524_142513_im9ouk HTTP/1.1" 200 63971
[24/May/2026 10:47:24] "GET /game_details/20260524_142513_im9ouk HTTP/1.1" 200 4841
[24/May/2026 10:47:26] "POST /update_game/ HTTP/1.1" 200 88
[24/May/2026 10:47:26] "GET /game/20260524_142513_im9ouk HTTP/1.1" 200 64029
[24/May/2026 10:47:29] "GET /game_details/20260524_142513_im9ouk HTTP/1.1" 200 4845
[24/May/2026 10:47:34] "GET /game_details/20260524_142513_im9ouk HTTP/1.1" 200 4845
[24/May/2026 10:47:39] "GET /game_details/20260524_142513_im9ouk HTTP/1.1" 200 4845
[24/May/2026 10:47:43] "POST /update_game/ HTTP/1.1" 200 88
[24/May/2026 10:47:43] "GET /game/20260524_142513_im9ouk HTTP/1.1" 200 64086
[24/May/2026 10:47:44] "GET /game_details/20260524_142513_im9ouk HTTP/1.1" 200 4850
[24/May/2026 10:47:49] "GET /game_details/20260524_142513_im9ouk HTTP/1.1" 200 4850
[24/May/2026 10:47:54] "GET /game_details/20260524_142513_im9ouk HTTP/1.1" 200 4850
[24/May/2026 10:47:59] "POST /update_game/ HTTP/1.1" 200 88
[24/May/2026 10:47:59] "GET /game_details/20260524_142513_im9ouk HTTP/1.1" 200 4855
[24/May/2026 10:47:59] "GET /game/20260524_142513_im9ouk HTTP/1.1" 200 64143
[24/May/2026 10:48:04] "GET /game_details/20260524_142513_im9ouk HTTP/1.1" 200 4855
[24/May/2026 10:48:09] "GET /game_details/20260524_142513_im9ouk HTTP/1.1" 200 4855
[24/May/2026 10:48:14] "GET /game_details/20260524_142513_im9ouk HTTP/1.1" 200 4855
[24/May/2026 10:48:19] "GET /game_details/20260524_142513_im9ouk HTTP/1.1" 200 4855
[24/May/2026 10:48:20] "POST /update_game/ HTTP/1.1" 200 88
[24/May/2026 10:48:20] "GET /game/20260524_142513_im9ouk HTTP/1.1" 200 64200
[24/May/2026 10:48:24] "GET /game_details/20260524_142513_im9ouk HTTP/1.1" 200 4860
[24/May/2026 10:48:29] "GET /game_details/20260524_142513_im9ouk HTTP/1.1" 200 4860
[24/May/2026 10:48:34] "GET /game_details/20260524_142513_im9ouk HTTP/1.1" 200 4860
[24/May/2026 10:48:35] "POST /update_game/ HTTP/1.1" 200 88
[24/May/2026 10:48:35] "GET /game/20260524_142513_im9ouk HTTP/1.1" 200 64257
[24/May/2026 10:48:39] "GET /game_details/20260524_142513_im9ouk HTTP/1.1" 200 4865
[24/May/2026 10:48:44] "GET /game_details/20260524_142513_im9ouk HTTP/1.1" 200 4865
[24/May/2026 10:48:49] "GET /game_details/20260524_142513_im9ouk HTTP/1.1" 200 4865
[24/May/2026 10:48:54] "GET /game_details/20260524_142513_im9ouk HTTP/1.1" 200 4865
[24/May/2026 10:48:59] "GET /game_details/20260524_142513_im9ouk HTTP/1.1" 200 4865
[24/May/2026 10:49:04] "POST /update_game/ HTTP/1.1" 200 88
[24/May/2026 10:49:04] "GET /game_details/20260524_142513_im9ouk HTTP/1.1" 200 4616
[24/May/2026 10:49:04] "GET /game/20260524_142513_im9ouk HTTP/1.1" 200 64295
[24/May/2026 10:49:09] "GET /game_details/20260524_142513_im9ouk HTTP/1.1" 200 4616
[24/May/2026 10:49:11] "POST /update_game/ HTTP/1.1" 200 65
[24/May/2026 10:49:11] "GET /game/20260524_142513_im9ouk HTTP/1.1" 200 64169
[24/May/2026 10:49:14] "GET /game_details/20260524_142513_im9ouk HTTP/1.1" 200 4869
[24/May/2026 10:49:19] "GET /game_details/20260524_142513_im9ouk HTTP/1.1" 200 4869
[24/May/2026 10:49:22] "POST /update_game/ HTTP/1.1" 200 88
[24/May/2026 10:49:22] "GET /game/20260524_142513_im9ouk HTTP/1.1" 200 64227
[24/May/2026 10:49:24] "GET /game_details/20260524_142513_im9ouk HTTP/1.1" 200 4875
[24/May/2026 10:49:29] "GET /game_details/20260524_142513_im9ouk HTTP/1.1" 200 4875
[24/May/2026 10:49:34] "GET /game_details/20260524_142513_im9ouk HTTP/1.1" 200 4875
[24/May/2026 10:49:39] "GET /game_details/20260524_142513_im9ouk HTTP/1.1" 200 4875
[24/May/2026 10:49:44] "GET /game_details/20260524_142513_im9ouk HTTP/1.1" 200 4875
[24/May/2026 10:49:48] "POST /update_game/ HTTP/1.1" 200 89
[24/May/2026 10:49:49] "POST /update_game/ HTTP/1.1" 200 65
[24/May/2026 10:49:49] "GET /game/20260524_142513_im9ouk HTTP/1.1" 200 63887
[24/May/2026 10:49:49] "GET /game_details/20260524_142513_im9ouk HTTP/1.1" 200 4588
[24/May/2026 10:49:54] "GET /game_details/20260524_142513_im9ouk HTTP/1.1" 200 4588
[24/May/2026 10:49:59] "GET /game_details/20260524_142513_im9ouk HTTP/1.1" 200 4588
[24/May/2026 10:50:04] "GET /game_details/20260524_142513_im9ouk HTTP/1.1" 200 4588
[24/May/2026 10:50:09] "GET /game_details/20260524_142513_im9ouk HTTP/1.1" 200 4588
[24/May/2026 10:50:10] "POST /update_game/ HTTP/1.1" 200 65
[24/May/2026 10:50:10] "GET /game/20260524_142513_im9ouk HTTP/1.1" 200 63827
[24/May/2026 10:50:14] "GET /game_details/20260524_142513_im9ouk HTTP/1.1" 200 4841
[24/May/2026 10:50:19] "GET /game_details/20260524_142513_im9ouk HTTP/1.1" 200 4841
[24/May/2026 10:50:24] "GET /game_details/20260524_142513_im9ouk HTTP/1.1" 200 4841
[24/May/2026 10:50:29] "GET /game_details/20260524_142513_im9ouk HTTP/1.1" 200 4841
[24/May/2026 10:50:34] "GET /game_details/20260524_142513_im9ouk HTTP/1.1" 200 4841
[24/May/2026 10:50:39] "GET /game_details/20260524_142513_im9ouk HTTP/1.1" 200 4841
[24/May/2026 10:50:44] "GET /game_details/20260524_142513_im9ouk HTTP/1.1" 200 4841
[24/May/2026 10:50:44] "POST /update_game/ HTTP/1.1" 200 88
[24/May/2026 10:50:44] "GET /game/20260524_142513_im9ouk HTTP/1.1" 200 63884
[24/May/2026 10:50:49] "GET /game_details/20260524_142513_im9ouk HTTP/1.1" 200 4844
[24/May/2026 10:50:54] "GET /game_details/20260524_142513_im9ouk HTTP/1.1" 200 4844
[24/May/2026 10:50:59] "GET /game_details/20260524_142513_im9ouk HTTP/1.1" 200 4844
[24/May/2026 10:51:04] "GET /game_details/20260524_142513_im9ouk HTTP/1.1" 200 4844
[24/May/2026 10:51:07] "POST /update_game/ HTTP/1.1" 200 89
[24/May/2026 10:51:07] "GET /game/20260524_142513_im9ouk HTTP/1.1" 200 63942
[24/May/2026 10:51:09] "GET /game_details/20260524_142513_im9ouk HTTP/1.1" 200 4850
[24/May/2026 10:51:14] "GET /game_details/20260524_142513_im9ouk HTTP/1.1" 200 4850
[24/May/2026 10:51:19] "GET /game_details/20260524_142513_im9ouk HTTP/1.1" 200 4850
[24/May/2026 10:51:24] "GET /game_details/20260524_142513_im9ouk HTTP/1.1" 200 4850
[24/May/2026 10:51:29] "GET /game_details/20260524_142513_im9ouk HTTP/1.1" 200 4850
[24/May/2026 10:51:34] "GET /game_details/20260524_142513_im9ouk HTTP/1.1" 200 4850
[24/May/2026 10:51:39] "GET /game_details/20260524_142513_im9ouk HTTP/1.1" 200 4850
[24/May/2026 10:51:44] "GET /game_details/20260524_142513_im9ouk HTTP/1.1" 200 4850
[24/May/2026 10:51:49] "GET /game_details/20260524_142513_im9ouk HTTP/1.1" 200 4850
[24/May/2026 10:51:54] "GET /game_details/20260524_142513_im9ouk HTTP/1.1" 200 4850
[24/May/2026 10:51:58] "GET /game_details/20260524_142513_im9ouk HTTP/1.1" 200 4850
[24/May/2026 10:52:03] "GET /game_details/20260524_142513_im9ouk HTTP/1.1" 200 4850
[24/May/2026 10:52:07] "POST /update_game/ HTTP/1.1" 200 89
[24/May/2026 10:52:08] "GET /game/20260524_142513_im9ouk HTTP/1.1" 200 63980
[24/May/2026 10:52:08] "GET /game_details/20260524_142513_im9ouk HTTP/1.1" 200 4603
[24/May/2026 10:52:14] "GET /game_details/20260524_142513_im9ouk HTTP/1.1" 200 4603
[24/May/2026 10:52:14] "POST /update_game/ HTTP/1.1" 200 66
[24/May/2026 10:52:14] "GET /game/20260524_142513_im9ouk HTTP/1.1" 200 63850
[24/May/2026 10:52:19] "GET /game_details/20260524_142513_im9ouk HTTP/1.1" 200 4859
[24/May/2026 10:52:24] "GET /game_details/20260524_142513_im9ouk HTTP/1.1" 200 4859
[24/May/2026 10:52:29] "GET /game_details/20260524_142513_im9ouk HTTP/1.1" 200 4859
[24/May/2026 10:52:33] "GET /game_details/20260524_142513_im9ouk HTTP/1.1" 200 4859
[24/May/2026 10:52:38] "POST /update_game/ HTTP/1.1" 200 89
[24/May/2026 10:52:39] "GET /game_details/20260524_142513_im9ouk HTTP/1.1" 200 4866
[24/May/2026 10:52:39] "GET /game/20260524_142513_im9ouk HTTP/1.1" 200 63909
[24/May/2026 10:52:44] "GET /game_details/20260524_142513_im9ouk HTTP/1.1" 200 4866
[24/May/2026 10:52:49,683] - Broken pipe from ('183.83.192.76', 24920)
[24/May/2026 10:52:58] "POST /update_game/ HTTP/1.1" 200 89
[24/May/2026 10:52:58] "GET /game/20260524_142513_im9ouk HTTP/1.1" 200 63946
[24/May/2026 10:53:10] "POST /update_game/ HTTP/1.1" 200 88
[24/May/2026 10:53:10] "GET /game/20260524_142513_im9ouk HTTP/1.1" 200 64695
[24/May/2026 10:53:33] "POST /undo_data/ HTTP/1.1" 200 55
[24/May/2026 10:53:33] "GET /game/20260524_142513_im9ouk HTTP/1.1" 200 63946
[24/May/2026 10:53:44] "POST /update_game/ HTTP/1.1" 200 88
[24/May/2026 10:53:44] "GET /game/20260524_142513_im9ouk HTTP/1.1" 200 64695
[24/May/2026 10:55:07] "POST /update_game/ HTTP/1.1" 200 64
[24/May/2026 10:55:07] "GET /game/20260524_142513_im9ouk HTTP/1.1" 200 64636
[24/May/2026 10:55:09] "POST /update_game/ HTTP/1.1" 200 64
[24/May/2026 10:55:09] "GET /game/20260524_142513_im9ouk HTTP/1.1" 200 64512
[24/May/2026 10:55:10] "POST /update_game/ HTTP/1.1" 200 64
[24/May/2026 10:55:11] "GET /game/20260524_142513_im9ouk HTTP/1.1" 200 64388
[24/May/2026 10:55:57] "POST /update_game/ HTTP/1.1" 200 87
[24/May/2026 10:55:58] "POST /update_game/ HTTP/1.1" 200 64
[24/May/2026 10:55:58] "GET /game/20260524_142513_im9ouk HTTP/1.1" 200 64445
[24/May/2026 10:55:58] "GET /game/20260524_142513_im9ouk HTTP/1.1" 200 64445
[24/May/2026 10:56:23] "POST /update_game/ HTTP/1.1" 200 86
[24/May/2026 10:56:24] "GET /game/20260524_142513_im9ouk HTTP/1.1" 200 64502
[24/May/2026 10:56:39] "POST /update_game/ HTTP/1.1" 200 86
[24/May/2026 10:56:39] "POST /update_game/ HTTP/1.1" 200 63
[24/May/2026 10:56:39] "GET /game/20260524_142513_im9ouk HTTP/1.1" 200 64559
[24/May/2026 10:57:00] "POST /update_game/ HTTP/1.1" 200 86
[24/May/2026 10:57:00] "GET /game/20260524_142513_im9ouk HTTP/1.1" 200 64616
[24/May/2026 10:57:45] "POST /update_game/ HTTP/1.1" 200 86
[24/May/2026 10:57:45] "POST /update_game/ HTTP/1.1" 200 63
[24/May/2026 10:57:45] "GET /game/20260524_142513_im9ouk HTTP/1.1" 200 64673
[24/May/2026 10:58:03] "POST /update_game/ HTTP/1.1" 200 86
[24/May/2026 10:58:04] "POST /update_game/ HTTP/1.1" 200 63
[24/May/2026 10:58:04] "GET /game/20260524_142513_im9ouk HTTP/1.1" 200 64730
[24/May/2026 10:58:50] "POST /update_game/ HTTP/1.1" 200 87
[24/May/2026 10:58:50] "POST /update_game/ HTTP/1.1" 200 63
[24/May/2026 10:58:50] "GET /game/20260524_142513_im9ouk HTTP/1.1" 200 64446
[24/May/2026 10:59:27] "POST /update_game/ HTTP/1.1" 200 63
[24/May/2026 10:59:28] "GET /game/20260524_142513_im9ouk HTTP/1.1" 200 64382
[24/May/2026 10:59:37] "POST /update_game/ HTTP/1.1" 200 86
[24/May/2026 10:59:37] "GET /game/20260524_142513_im9ouk HTTP/1.1" 200 64420
[24/May/2026 10:59:47] "POST /update_game/ HTTP/1.1" 200 63
[24/May/2026 10:59:48] "GET /game/20260524_142513_im9ouk HTTP/1.1" 200 64296
[24/May/2026 11:00:24] "POST /update_game/ HTTP/1.1" 200 86
[24/May/2026 11:00:24] "GET /game/20260524_142513_im9ouk HTTP/1.1" 200 64354
[24/May/2026 11:00:58] "POST /update_game/ HTTP/1.1" 200 86
[24/May/2026 11:00:58] "POST /update_game/ HTTP/1.1" 200 63
[24/May/2026 11:00:58] "GET /game/20260524_142513_im9ouk HTTP/1.1" 200 64411
[24/May/2026 11:01:26] "POST /update_game/ HTTP/1.1" 200 86
[24/May/2026 11:01:26] "GET /game/20260524_142513_im9ouk HTTP/1.1" 200 64468
[24/May/2026 11:02:03] "POST /update_game/ HTTP/1.1" 200 86
[24/May/2026 11:02:03] "GET /game/20260524_142513_im9ouk HTTP/1.1" 200 64525
Not Found: /healthz
[24/May/2026 11:02:17] "GET /healthz HTTP/1.1" 404 4220
[24/May/2026 11:02:23] "GET / HTTP/1.1" 200 37376
[24/May/2026 11:02:28] "GET / HTTP/1.1" 200 37376
[24/May/2026 11:02:30] "GET /matches HTTP/1.1" 301 0
[24/May/2026 11:02:30] "GET /matches/ HTTP/1.1" 200 42598
Not Found: /favicon.ico
[24/May/2026 11:02:31] "GET /favicon.ico HTTP/1.1" 404 4232
[24/May/2026 11:02:42] "GET /game/20260524_142513_im9ouk HTTP/1.1" 200 68056
[24/May/2026 11:02:42] "GET /game_details/20260524_142513_im9ouk HTTP/1.1" 200 4862
[24/May/2026 11:02:43] "POST /update_game/ HTTP/1.1" 200 87
[24/May/2026 11:02:43] "POST /update_game/ HTTP/1.1" 200 63
[24/May/2026 11:02:43] "GET /game/20260524_142513_im9ouk HTTP/1.1" 200 64304
[24/May/2026 11:02:47] "GET /game_details/20260524_142513_im9ouk HTTP/1.1" 200 4584
[24/May/2026 11:02:50] "POST /update_game/ HTTP/1.1" 200 63
[24/May/2026 11:02:50] "GET /game/20260524_142513_im9ouk HTTP/1.1" 200 64245
[24/May/2026 11:02:52] "GET /game_details/20260524_142513_im9ouk HTTP/1.1" 200 4836
[24/May/2026 11:02:57] "GET /game_details/20260524_142513_im9ouk HTTP/1.1" 200 4836
[24/May/2026 11:03:02] "GET /game_details/20260524_142513_im9ouk HTTP/1.1" 200 4836
[24/May/2026 11:03:07] "GET /game_details/20260524_142513_im9ouk HTTP/1.1" 200 4836
[24/May/2026 11:03:12] "GET /game_details/20260524_142513_im9ouk HTTP/1.1" 200 4836
[24/May/2026 11:03:17] "GET /game_details/20260524_142513_im9ouk HTTP/1.1" 200 4836
[24/May/2026 11:03:30] "POST /update_game/ HTTP/1.1" 200 86
[24/May/2026 11:03:30] "GET /game/20260524_142513_im9ouk HTTP/1.1" 200 64302
[24/May/2026 11:03:31,384] - Broken pipe from ('223.237.164.79', 42396)
[24/May/2026 11:03:31,393] - Broken pipe from ('223.237.164.79', 47922)
[24/May/2026 11:03:48] "POST /update_game/ HTTP/1.1" 200 86
[24/May/2026 11:03:48] "GET /game/20260524_142513_im9ouk HTTP/1.1" 200 64359
[24/May/2026 11:04:23] "POST /update_game/ HTTP/1.1" 200 86
[24/May/2026 11:04:23] "GET /game/20260524_142513_im9ouk HTTP/1.1" 200 64419
[24/May/2026 11:04:39] "POST /update_game/ HTTP/1.1" 200 86
[24/May/2026 11:04:39] "GET /game/20260524_142513_im9ouk HTTP/1.1" 200 64476
[24/May/2026 11:05:15] "POST /update_game/ HTTP/1.1" 200 86
[24/May/2026 11:05:16] "GET /game/20260524_142513_im9ouk HTTP/1.1" 200 64535
[24/May/2026 11:05:58] "POST /update_game/ HTTP/1.1" 200 86
[24/May/2026 11:05:58] "GET /game/20260524_142513_im9ouk HTTP/1.1" 200 64593
[24/May/2026 11:07:02] "POST /update_game/ HTTP/1.1" 200 86
[24/May/2026 11:07:02] "GET /game/20260524_142513_im9ouk HTTP/1.1" 200 64653
[24/May/2026 11:07:36] "POST /update_game/ HTTP/1.1" 200 87
[24/May/2026 11:07:36] "POST /update_game/ HTTP/1.1" 200 63
[24/May/2026 11:07:36] "GET /game/20260524_142513_im9ouk HTTP/1.1" 200 64309
[24/May/2026 11:07:37] "GET /game_details/20260524_142513_im9ouk HTTP/1.1" 200 4588
[24/May/2026 11:07:41] "GET /game_details/20260524_142513_im9ouk HTTP/1.1" 200 4588
[24/May/2026 11:07:41] "POST /update_game/ HTTP/1.1" 200 63
[24/May/2026 11:07:41] "GET /game/20260524_142513_im9ouk HTTP/1.1" 200 64245
[24/May/2026 11:07:46] "GET /game_details/20260524_142513_im9ouk HTTP/1.1" 200 4843
[24/May/2026 11:07:51] "GET /game_details/20260524_142513_im9ouk HTTP/1.1" 200 4843
[24/May/2026 11:07:56] "GET /game_details/20260524_142513_im9ouk HTTP/1.1" 200 4843
[24/May/2026 11:08:01] "GET /game_details/20260524_142513_im9ouk HTTP/1.1" 200 4843
[24/May/2026 11:08:06] "GET /game/20260524_142513_im9ouk HTTP/1.1" 200 68056
[24/May/2026 11:08:06] "GET /game_details/20260524_142513_im9ouk HTTP/1.1" 200 4843
[24/May/2026 11:08:11] "GET /game_details/20260524_142513_im9ouk HTTP/1.1" 200 4843
[24/May/2026 11:08:16] "GET /game_details/20260524_142513_im9ouk HTTP/1.1" 200 4843
[24/May/2026 11:08:21] "GET /game_details/20260524_142513_im9ouk HTTP/1.1" 200 4843
[24/May/2026 11:08:26] "POST /update_game/ HTTP/1.1" 200 86
[24/May/2026 11:08:26] "GET /game/20260524_142513_im9ouk HTTP/1.1" 200 64305
[24/May/2026 11:08:26] "GET /game_details/20260524_142513_im9ouk HTTP/1.1" 200 4848
[24/May/2026 11:08:31] "GET /game_details/20260524_142513_im9ouk HTTP/1.1" 200 4848
[24/May/2026 11:08:38,579] - Broken pipe from ('183.83.192.76', 24728)
[24/May/2026 11:08:38,579] - Broken pipe from ('183.83.192.76', 24602)
[24/May/2026 11:09:03] "POST /update_game/ HTTP/1.1" 200 86
[24/May/2026 11:09:03] "GET /game/20260524_142513_im9ouk HTTP/1.1" 200 64362
[24/May/2026 11:09:44] "POST /update_game/ HTTP/1.1" 200 86
[24/May/2026 11:09:45] "GET /game/20260524_142513_im9ouk HTTP/1.1" 200 64422
[24/May/2026 11:10:05] "GET /game/20260524_142513_im9ouk HTTP/1.1" 200 68056
[24/May/2026 11:10:05] "GET /game_details/20260524_142513_im9ouk HTTP/1.1" 200 4860
[24/May/2026 11:10:11] "GET /game_details/20260524_142513_im9ouk HTTP/1.1" 200 4860
[24/May/2026 11:10:11] "POST /update_game/ HTTP/1.1" 200 86
[24/May/2026 11:10:11] "GET /game/20260524_142513_im9ouk HTTP/1.1" 200 64481
[24/May/2026 11:10:16] "GET /game_details/20260524_142513_im9ouk HTTP/1.1" 200 4867
[24/May/2026 11:10:20] "GET /game_details/20260524_142513_im9ouk HTTP/1.1" 200 4867
[24/May/2026 11:10:25] "GET /game_details/20260524_142513_im9ouk HTTP/1.1" 200 4867
[24/May/2026 11:10:30] "GET /game_details/20260524_142513_im9ouk HTTP/1.1" 200 4867
[24/May/2026 11:10:35] "GET /game_details/20260524_142513_im9ouk HTTP/1.1" 200 4867
[24/May/2026 11:10:40] "GET /game_details/20260524_142513_im9ouk HTTP/1.1" 200 4867
[24/May/2026 11:10:46] "GET /game_details/20260524_142513_im9ouk HTTP/1.1" 200 4867
[24/May/2026 11:10:46] "GET /game/20260524_142513_im9ouk HTTP/1.1" 200 68056
[24/May/2026 11:10:46] "GET /game_details/20260524_142513_im9ouk HTTP/1.1" 200 4867
[24/May/2026 11:10:50] "GET /game_details/20260524_142513_im9ouk HTTP/1.1" 200 4867
[24/May/2026 11:10:51] "GET /game_details/20260524_142513_im9ouk HTTP/1.1" 200 4867
[24/May/2026 11:10:56] "GET /game_details/20260524_142513_im9ouk HTTP/1.1" 200 4867
[24/May/2026 11:10:56] "GET /game_details/20260524_142513_im9ouk HTTP/1.1" 200 4867
[24/May/2026 11:11:00] "GET /game_details/20260524_142513_im9ouk HTTP/1.1" 200 4867
[24/May/2026 11:11:01] "GET /game_details/20260524_142513_im9ouk HTTP/1.1" 200 4867
[24/May/2026 11:11:05] "GET /game_details/20260524_142513_im9ouk HTTP/1.1" 200 4867
[24/May/2026 11:11:06] "GET /game_details/20260524_142513_im9ouk HTTP/1.1" 200 4867
[24/May/2026 11:11:11] "GET /game_details/20260524_142513_im9ouk HTTP/1.1" 200 4867
[24/May/2026 11:11:11] "GET /game_details/20260524_142513_im9ouk HTTP/1.1" 200 4867
[24/May/2026 11:11:16] "GET /game_details/20260524_142513_im9ouk HTTP/1.1" 200 4867
[24/May/2026 11:11:16] "GET /game_details/20260524_142513_im9ouk HTTP/1.1" 200 4867
[24/May/2026 11:11:21] "GET /game_details/20260524_142513_im9ouk HTTP/1.1" 200 4867
[24/May/2026 11:11:21] "GET /game_details/20260524_142513_im9ouk HTTP/1.1" 200 4867
[24/May/2026 11:11:23] "GET /matches/ HTTP/1.1" 200 42598
[24/May/2026 11:11:25] "POST /update_game/ HTTP/1.1" 200 86
[24/May/2026 11:11:25] "GET /game/20260524_142513_im9ouk HTTP/1.1" 200 64538
[24/May/2026 11:11:25] "GET /game_details/20260524_142513_im9ouk HTTP/1.1" 200 4872
[24/May/2026 11:11:26] "GET /game/20260524_142513_im9ouk HTTP/1.1" 200 68056
[24/May/2026 11:11:26] "GET /game_details/20260524_142513_im9ouk HTTP/1.1" 200 4872
[24/May/2026 11:11:30] "GET /game_details/20260524_142513_im9ouk HTTP/1.1" 200 4872
[24/May/2026 11:11:31] "GET /game_details/20260524_142513_im9ouk HTTP/1.1" 200 4872
[24/May/2026 11:11:35] "GET /game_details/20260524_142513_im9ouk HTTP/1.1" 200 4872
[24/May/2026 11:11:36] "GET /game_details/20260524_142513_im9ouk HTTP/1.1" 200 4872
[24/May/2026 11:11:40] "GET /game_details/20260524_142513_im9ouk HTTP/1.1" 200 4872
[24/May/2026 11:11:41] "GET /game_details/20260524_142513_im9ouk HTTP/1.1" 200 4872
[24/May/2026 11:11:45] "GET /game_details/20260524_142513_im9ouk HTTP/1.1" 200 4872
[24/May/2026 11:11:46] "GET /game_details/20260524_142513_im9ouk HTTP/1.1" 200 4872
[24/May/2026 11:11:50] "POST /update_game/ HTTP/1.1" 200 87
[24/May/2026 11:11:50] "POST /update_game/ HTTP/1.1" 200 63
[24/May/2026 11:11:50] "POST /update_game/ HTTP/1.1" 200 63
[24/May/2026 11:11:50] "GET /game/20260524_142513_im9ouk HTTP/1.1" 200 64316
[24/May/2026 11:11:50] "GET /game/20260524_142513_im9ouk HTTP/1.1" 200 64316
[24/May/2026 11:11:50] "GET /game/20260524_142513_im9ouk HTTP/1.1" 200 64316
[24/May/2026 11:11:50] "GET /game_details/20260524_142513_im9ouk HTTP/1.1" 200 4593
[24/May/2026 11:11:51] "GET /game_details/20260524_142513_im9ouk HTTP/1.1" 200 4593
[24/May/2026 11:11:55] "GET /game_details/20260524_142513_im9ouk HTTP/1.1" 200 4593
[24/May/2026 11:11:56] "GET /game_details/20260524_142513_im9ouk HTTP/1.1" 200 4593
[24/May/2026 11:12:00] "GET /game_details/20260524_142513_im9ouk HTTP/1.1" 200 4593
[24/May/2026 11:12:02] "GET /game_details/20260524_142513_im9ouk HTTP/1.1" 200 4593
[24/May/2026 11:12:05] "GET /game_details/20260524_142513_im9ouk HTTP/1.1" 200 4593
[24/May/2026 11:12:06] "GET /game_details/20260524_142513_im9ouk HTTP/1.1" 200 4593
[24/May/2026 11:12:08] "POST /update_game/ HTTP/1.1" 200 63
[24/May/2026 11:12:08] "GET /game/20260524_142513_im9ouk HTTP/1.1" 200 64254
[24/May/2026 11:12:10] "GET /game_details/20260524_142513_im9ouk HTTP/1.1" 200 4845
[24/May/2026 11:12:11] "GET /game_details/20260524_142513_im9ouk HTTP/1.1" 200 4845
[24/May/2026 11:12:15] "GET /game_details/20260524_142513_im9ouk HTTP/1.1" 200 4845
[24/May/2026 11:12:16] "GET /game_details/20260524_142513_im9ouk HTTP/1.1" 200 4845
[24/May/2026 11:12:16] "POST /update_game/ HTTP/1.1" 200 63
[24/May/2026 11:12:17] "GET /game/20260524_142513_im9ouk HTTP/1.1" 200 64254
[24/May/2026 11:12:20] "GET /game_details/20260524_142513_im9ouk HTTP/1.1" 200 4845
[24/May/2026 11:12:21] "GET /game_details/20260524_142513_im9ouk HTTP/1.1" 200 4845
[24/May/2026 11:12:25] "GET /game_details/20260524_142513_im9ouk HTTP/1.1" 200 4845
[24/May/2026 11:12:26] "GET /game_details/20260524_142513_im9ouk HTTP/1.1" 200 4845
[24/May/2026 11:12:30] "GET /game_details/20260524_142513_im9ouk HTTP/1.1" 200 4845
[24/May/2026 11:12:31] "GET /game_details/20260524_142513_im9ouk HTTP/1.1" 200 4845
[24/May/2026 11:12:35] "GET /game_details/20260524_142513_im9ouk HTTP/1.1" 200 4845
[24/May/2026 11:12:36] "GET /game_details/20260524_142513_im9ouk HTTP/1.1" 200 4845
[24/May/2026 11:12:37] "POST /update_game/ HTTP/1.1" 200 86
[24/May/2026 11:12:38] "POST /update_game/ HTTP/1.1" 200 63
[24/May/2026 11:12:38] "GET /game/20260524_142513_im9ouk HTTP/1.1" 200 64311
[24/May/2026 11:12:40] "GET /game_details/20260524_142513_im9ouk HTTP/1.1" 200 4848
[24/May/2026 11:12:41] "GET /game_details/20260524_142513_im9ouk HTTP/1.1" 200 4848
[24/May/2026 11:12:45] "GET /game_details/20260524_142513_im9ouk HTTP/1.1" 200 4848
[24/May/2026 11:12:46] "GET /game_details/20260524_142513_im9ouk HTTP/1.1" 200 4848
[24/May/2026 11:12:50] "GET /game_details/20260524_142513_im9ouk HTTP/1.1" 200 4848
[24/May/2026 11:12:51] "GET /game_details/20260524_142513_im9ouk HTTP/1.1" 200 4848
[24/May/2026 11:12:55] "POST /update_game/ HTTP/1.1" 200 86
[24/May/2026 11:12:55] "GET /game/20260524_142513_im9ouk HTTP/1.1" 200 64369
[24/May/2026 11:12:55] "GET /game_details/20260524_142513_im9ouk HTTP/1.1" 200 4854
[24/May/2026 11:12:56] "GET /game_details/20260524_142513_im9ouk HTTP/1.1" 200 4854
[24/May/2026 11:13:00] "GET /game_details/20260524_142513_im9ouk HTTP/1.1" 200 4854
[24/May/2026 11:13:01] "GET /game_details/20260524_142513_im9ouk HTTP/1.1" 200 4854
[24/May/2026 11:13:05] "GET /game_details/20260524_142513_im9ouk HTTP/1.1" 200 4854
[24/May/2026 11:13:06] "GET /game_details/20260524_142513_im9ouk HTTP/1.1" 200 4854
[24/May/2026 11:13:10] "GET /game_details/20260524_142513_im9ouk HTTP/1.1" 200 4854
[24/May/2026 11:13:11] "GET /game_details/20260524_142513_im9ouk HTTP/1.1" 200 4854
[24/May/2026 11:13:12] "POST /update_game/ HTTP/1.1" 200 86
[24/May/2026 11:13:12] "GET /game/20260524_142513_im9ouk HTTP/1.1" 200 64426
[24/May/2026 11:13:15] "GET /game_details/20260524_142513_im9ouk HTTP/1.1" 200 4859
[24/May/2026 11:13:16] "GET /game_details/20260524_142513_im9ouk HTTP/1.1" 200 4859
[24/May/2026 11:13:20] "GET /game_details/20260524_142513_im9ouk HTTP/1.1" 200 4859
[24/May/2026 11:13:21] "GET /game_details/20260524_142513_im9ouk HTTP/1.1" 200 4859
[24/May/2026 11:13:25] "POST /update_game/ HTTP/1.1" 200 86
[24/May/2026 11:13:25] "GET /game_details/20260524_142513_im9ouk HTTP/1.1" 200 4609
[24/May/2026 11:13:25] "GET /game/20260524_142513_im9ouk HTTP/1.1" 200 64463
[24/May/2026 11:13:26] "GET /game_details/20260524_142513_im9ouk HTTP/1.1" 200 4609
[24/May/2026 11:13:30] "POST /update_game/ HTTP/1.1" 200 63
[24/May/2026 11:13:30] "GET /game/20260524_142513_im9ouk HTTP/1.1" 200 64337
[24/May/2026 11:13:30] "GET /game_details/20260524_142513_im9ouk HTTP/1.1" 200 4859
[24/May/2026 11:13:32] "GET /game_details/20260524_142513_im9ouk HTTP/1.1" 200 4859
[24/May/2026 11:13:35] "GET /game_details/20260524_142513_im9ouk HTTP/1.1" 200 4859
[24/May/2026 11:13:36] "GET /game_details/20260524_142513_im9ouk HTTP/1.1" 200 4859
[24/May/2026 11:13:40] "GET /game_details/20260524_142513_im9ouk HTTP/1.1" 200 4859
[24/May/2026 11:13:41] "GET /game_details/20260524_142513_im9ouk HTTP/1.1" 200 4859
[24/May/2026 11:13:45] "GET /game_details/20260524_142513_im9ouk HTTP/1.1" 200 4859
[24/May/2026 11:13:50] "GET /game_details/20260524_142513_im9ouk HTTP/1.1" 200 4859
[24/May/2026 11:13:52] "GET /game_details/20260524_142513_im9ouk HTTP/1.1" 200 4859
[24/May/2026 11:13:55] "GET /game_details/20260524_142513_im9ouk HTTP/1.1" 200 4859
[24/May/2026 11:13:57] "GET /game_details/20260524_142513_im9ouk HTTP/1.1" 200 4859
[24/May/2026 11:14:00] "GET /game_details/20260524_142513_im9ouk HTTP/1.1" 200 4859
[24/May/2026 11:14:02] "GET /game_details/20260524_142513_im9ouk HTTP/1.1" 200 4859
[24/May/2026 11:14:05] "GET /game_details/20260524_142513_im9ouk HTTP/1.1" 200 4859
[24/May/2026 11:14:07] "POST /update_game/ HTTP/1.1" 200 86
[24/May/2026 11:14:07] "GET /game/20260524_142513_im9ouk HTTP/1.1" 200 64394
[24/May/2026 11:14:07] "GET /game_details/20260524_142513_im9ouk HTTP/1.1" 200 4864
[24/May/2026 11:14:10] "GET /game_details/20260524_142513_im9ouk HTTP/1.1" 200 4864
[24/May/2026 11:14:12] "GET /game_details/20260524_142513_im9ouk HTTP/1.1" 200 4864
[24/May/2026 11:14:15] "GET /game_details/20260524_142513_im9ouk HTTP/1.1" 200 4864
[24/May/2026 11:14:17] "GET /game_details/20260524_142513_im9ouk HTTP/1.1" 200 4864
[24/May/2026 11:14:20] "GET /game_details/20260524_142513_im9ouk HTTP/1.1" 200 4864
[24/May/2026 11:14:22] "GET /game_details/20260524_142513_im9ouk HTTP/1.1" 200 4864
[24/May/2026 11:14:25] "GET /game_details/20260524_142513_im9ouk HTTP/1.1" 200 4864
[24/May/2026 11:14:27] "GET /game_details/20260524_142513_im9ouk HTTP/1.1" 200 4864
[24/May/2026 11:14:30] "GET /game_details/20260524_142513_im9ouk HTTP/1.1" 200 4864
[24/May/2026 11:14:30] "POST /update_game/ HTTP/1.1" 200 86
[24/May/2026 11:14:30] "GET /game/20260524_142513_im9ouk HTTP/1.1" 200 64451
[24/May/2026 11:14:32] "GET /game_details/20260524_142513_im9ouk HTTP/1.1" 200 4869
[24/May/2026 11:14:35] "GET /game_details/20260524_142513_im9ouk HTTP/1.1" 200 4869
[24/May/2026 11:14:37] "GET /game_details/20260524_142513_im9ouk HTTP/1.1" 200 4869
[24/May/2026 11:14:40] "GET /game_details/20260524_142513_im9ouk HTTP/1.1" 200 4869
[24/May/2026 11:14:42] "GET /game_details/20260524_142513_im9ouk HTTP/1.1" 200 4869
[24/May/2026 11:14:45] "GET /game_details/20260524_142513_im9ouk HTTP/1.1" 200 4869
[24/May/2026 11:14:46] "POST /update_game/ HTTP/1.1" 200 63
[24/May/2026 11:14:46] "POST /update_game/ HTTP/1.1" 200 63
[24/May/2026 11:14:46] "GET /game/20260524_142513_im9ouk HTTP/1.1" 200 64509
[24/May/2026 11:14:47] "GET /game_details/20260524_142513_im9ouk HTTP/1.1" 200 4875
[24/May/2026 11:14:50] "GET /game_details/20260524_142513_im9ouk HTTP/1.1" 200 4875
[24/May/2026 11:14:52] "GET /game_details/20260524_142513_im9ouk HTTP/1.1" 200 4875
[24/May/2026 11:14:55] "GET /game_details/20260524_142513_im9ouk HTTP/1.1" 200 4875
[24/May/2026 11:14:57] "GET /game_details/20260524_142513_im9ouk HTTP/1.1" 200 4875
[24/May/2026 11:15:00] "GET /game_details/20260524_142513_im9ouk HTTP/1.1" 200 4875
[24/May/2026 11:15:02] "GET /game_details/20260524_142513_im9ouk HTTP/1.1" 200 4875
[24/May/2026 11:15:03] "POST /update_game/ HTTP/1.1" 200 87
[24/May/2026 11:15:03] "POST /update_game/ HTTP/1.1" 200 63
[24/May/2026 11:15:03] "GET /game/20260524_142513_im9ouk HTTP/1.1" 200 64171
[24/May/2026 11:15:05] "GET /game_details/20260524_142513_im9ouk HTTP/1.1" 200 4589
[24/May/2026 11:15:07] "GET /game_details/20260524_142513_im9ouk HTTP/1.1" 200 4589
[24/May/2026 11:15:10] "GET /game_details/20260524_142513_im9ouk HTTP/1.1" 200 4589
[24/May/2026 11:15:12] "GET /game_details/20260524_142513_im9ouk HTTP/1.1" 200 4589
[24/May/2026 11:15:15] "GET /game_details/20260524_142513_im9ouk HTTP/1.1" 200 4589
[24/May/2026 11:15:17] "GET /game_details/20260524_142513_im9ouk HTTP/1.1" 200 4589
[24/May/2026 11:15:20] "GET /game_details/20260524_142513_im9ouk HTTP/1.1" 200 4589
[24/May/2026 11:15:22] "GET /game_details/20260524_142513_im9ouk HTTP/1.1" 200 4589
[24/May/2026 11:15:25] "GET /game_details/20260524_142513_im9ouk HTTP/1.1" 200 4589
[24/May/2026 11:15:27] "GET /game_details/20260524_142513_im9ouk HTTP/1.1" 200 4589
[24/May/2026 11:15:30] "GET /game_details/20260524_142513_im9ouk HTTP/1.1" 200 4589
[24/May/2026 11:15:32] "GET /game_details/20260524_142513_im9ouk HTTP/1.1" 200 4589
[24/May/2026 11:15:35] "GET /game_details/20260524_142513_im9ouk HTTP/1.1" 200 4589
[24/May/2026 11:15:37] "POST /update_game/ HTTP/1.1" 200 63
[24/May/2026 11:15:37] "GET /game_details/20260524_142513_im9ouk HTTP/1.1" 200 4844
[24/May/2026 11:15:37] "GET /game/20260524_142513_im9ouk HTTP/1.1" 200 64107
[24/May/2026 11:15:40] "GET /game_details/20260524_142513_im9ouk HTTP/1.1" 200 4844
[24/May/2026 11:15:42] "GET /game_details/20260524_142513_im9ouk HTTP/1.1" 200 4844
[24/May/2026 11:15:45] "GET /game_details/20260524_142513_im9ouk HTTP/1.1" 200 4844
[24/May/2026 11:15:47] "GET /game_details/20260524_142513_im9ouk HTTP/1.1" 200 4844
[24/May/2026 11:15:48] "POST /update_game/ HTTP/1.1" 200 86
[24/May/2026 11:15:48] "GET /game/20260524_142513_im9ouk HTTP/1.1" 200 64165
[24/May/2026 11:15:50] "GET /game_details/20260524_142513_im9ouk HTTP/1.1" 200 4848
[24/May/2026 11:15:52] "GET /game_details/20260524_142513_im9ouk HTTP/1.1" 200 4848
[24/May/2026 11:15:55] "GET /game_details/20260524_142513_im9ouk HTTP/1.1" 200 4848
[24/May/2026 11:15:57] "GET /game_details/20260524_142513_im9ouk HTTP/1.1" 200 4848
[24/May/2026 11:16:00] "GET /game_details/20260524_142513_im9ouk HTTP/1.1" 200 4848
[24/May/2026 11:16:02] "GET /game_details/20260524_142513_im9ouk HTTP/1.1" 200 4848
[24/May/2026 11:16:05] "GET /game_details/20260524_142513_im9ouk HTTP/1.1" 200 4848
[24/May/2026 11:16:07] "GET /game_details/20260524_142513_im9ouk HTTP/1.1" 200 4848
[24/May/2026 11:16:10] "GET /game_details/20260524_142513_im9ouk HTTP/1.1" 200 4848
[24/May/2026 11:16:12] "GET /game_details/20260524_142513_im9ouk HTTP/1.1" 200 4848
[24/May/2026 11:16:15] "GET /game_details/20260524_142513_im9ouk HTTP/1.1" 200 4848
[24/May/2026 11:16:17] "GET /game_details/20260524_142513_im9ouk HTTP/1.1" 200 4848
[24/May/2026 11:16:20] "GET /game_details/20260524_142513_im9ouk HTTP/1.1" 200 4848
[24/May/2026 11:16:22] "POST /update_game/ HTTP/1.1" 200 86
[24/May/2026 11:16:22] "GET /game/20260524_142513_im9ouk HTTP/1.1" 200 64222
[24/May/2026 11:16:22] "GET /game_details/20260524_142513_im9ouk HTTP/1.1" 200 4853
[24/May/2026 11:16:25] "GET /game_details/20260524_142513_im9ouk HTTP/1.1" 200 4853
[24/May/2026 11:16:27] "GET /game_details/20260524_142513_im9ouk HTTP/1.1" 200 4853
[24/May/2026 11:16:27] "GET /game/20260524_142513_im9ouk HTTP/1.1" 200 68056
[24/May/2026 11:16:28] "GET /game_details/20260524_142513_im9ouk HTTP/1.1" 200 4853
[24/May/2026 11:16:31] "GET /players HTTP/1.1" 301 0
[24/May/2026 11:16:31] "GET /players/ HTTP/1.1" 200 73412
[24/May/2026 11:16:32] "GET /game_details/20260524_142513_im9ouk HTTP/1.1" 200 4853
[24/May/2026 11:16:37] "GET /game_details/20260524_142513_im9ouk HTTP/1.1" 200 4853
[24/May/2026 11:16:42] "GET /game_details/20260524_142513_im9ouk HTTP/1.1" 200 4853
[24/May/2026 11:16:45] "POST /update_game/ HTTP/1.1" 200 86
[24/May/2026 11:16:45] "GET /game/20260524_142513_im9ouk HTTP/1.1" 200 64279
[24/May/2026 11:16:47] "GET /game_details/20260524_142513_im9ouk HTTP/1.1" 200 4858
[24/May/2026 11:16:52] "GET /game_details/20260524_142513_im9ouk HTTP/1.1" 200 4858
[24/May/2026 11:16:57] "GET /game_details/20260524_142513_im9ouk HTTP/1.1" 200 4858
[24/May/2026 11:17:02] "GET /players/?sort=wickets HTTP/1.1" 200 73415
[24/May/2026 11:17:02] "GET /game_details/20260524_142513_im9ouk HTTP/1.1" 200 4858
[24/May/2026 11:17:07] "GET /game_details/20260524_142513_im9ouk HTTP/1.1" 200 4858
[24/May/2026 11:17:10] "GET /player/Uttham HTTP/1.1" 200 66071
[24/May/2026 11:17:12] "GET /game_details/20260524_142513_im9ouk HTTP/1.1" 200 4858
[24/May/2026 11:17:15] "POST /update_game/ HTTP/1.1" 200 86
[24/May/2026 11:17:15] "GET /game/20260524_142513_im9ouk HTTP/1.1" 200 64336
[24/May/2026 11:17:17] "GET /game_details/20260524_142513_im9ouk HTTP/1.1" 200 4863
[24/May/2026 11:17:18] "GET /player/Keshav HTTP/1.1" 200 66049
[24/May/2026 11:17:22] "GET /game_details/20260524_142513_im9ouk HTTP/1.1" 200 4863
[24/May/2026 11:17:27] "GET /game_details/20260524_142513_im9ouk HTTP/1.1" 200 4863
[24/May/2026 11:17:29] "POST /update_game/ HTTP/1.1" 200 86
[24/May/2026 11:17:29] "GET /game/20260524_142513_im9ouk HTTP/1.1" 200 64394
[24/May/2026 11:17:32] "GET /game_details/20260524_142513_im9ouk HTTP/1.1" 200 4869
[24/May/2026 11:17:37] "GET /game_details/20260524_142513_im9ouk HTTP/1.1" 200 4869
[24/May/2026 11:17:42] "GET /game_details/20260524_142513_im9ouk HTTP/1.1" 200 4869
[24/May/2026 11:17:47] "GET /game_details/20260524_142513_im9ouk HTTP/1.1" 200 4869
[24/May/2026 11:17:48] "POST /update_game/ HTTP/1.1" 200 86
[24/May/2026 11:17:48] "POST /update_game/ HTTP/1.1" 200 63
[24/May/2026 11:17:48] "GET /game/20260524_142513_im9ouk HTTP/1.1" 200 64451
[24/May/2026 11:17:52] "GET /game_details/20260524_142513_im9ouk HTTP/1.1" 200 4874
[24/May/2026 11:17:57] "GET /game_details/20260524_142513_im9ouk HTTP/1.1" 200 4874
[24/May/2026 11:18:02] "GET /game_details/20260524_142513_im9ouk HTTP/1.1" 200 4874
[24/May/2026 11:18:05] "POST /update_game/ HTTP/1.1" 200 86
[24/May/2026 11:18:06] "GET /game/20260524_142513_im9ouk HTTP/1.1" 200 64509
[24/May/2026 11:18:07] "GET /game_details/20260524_142513_im9ouk HTTP/1.1" 200 4880
[24/May/2026 11:18:12] "GET /game_details/20260524_142513_im9ouk HTTP/1.1" 200 4880
[24/May/2026 11:18:17] "GET /game_details/20260524_142513_im9ouk HTTP/1.1" 200 4880
[24/May/2026 11:18:22] "GET /game_details/20260524_142513_im9ouk HTTP/1.1" 200 4880
[24/May/2026 11:18:27] "GET /game_details/20260524_142513_im9ouk HTTP/1.1" 200 4880
[24/May/2026 11:18:29] "POST /update_game/ HTTP/1.1" 200 86
[24/May/2026 11:18:30] "POST /update_game/ HTTP/1.1" 200 63
[24/May/2026 11:18:30] "GET /game/20260524_142513_im9ouk HTTP/1.1" 200 64566
[24/May/2026 11:18:32] "GET /game_details/20260524_142513_im9ouk HTTP/1.1" 200 4885
[24/May/2026 11:18:37] "GET /game_details/20260524_142513_im9ouk HTTP/1.1" 200 4885
[24/May/2026 11:18:39] "POST /update_game/ HTTP/1.1" 200 87
[24/May/2026 11:18:39] "POST /update_game/ HTTP/1.1" 200 63
[24/May/2026 11:18:39] "POST /update_game/ HTTP/1.1" 200 63
[24/May/2026 11:18:39] "GET /game/20260524_142513_im9ouk HTTP/1.1" 200 64172
[24/May/2026 11:18:39] "GET /game/20260524_142513_im9ouk HTTP/1.1" 200 64172
[24/May/2026 11:18:39] "GET /game/20260524_142513_im9ouk HTTP/1.1" 200 64172
[24/May/2026 11:18:42] "POST /undo_data/ HTTP/1.1" 200 55
[24/May/2026 11:18:42] "GET /game_details/20260524_142513_im9ouk HTTP/1.1" 200 4885
[24/May/2026 11:18:42] "GET /game/20260524_142513_im9ouk HTTP/1.1" 200 64566
[24/May/2026 11:18:44] "POST /update_game/ HTTP/1.1" 200 86
[24/May/2026 11:18:44] "GET /game/20260524_142513_im9ouk HTTP/1.1" 200 64626
[24/May/2026 11:18:47] "GET /game_details/20260524_142513_im9ouk HTTP/1.1" 200 4893
[24/May/2026 11:18:52] "GET /game_details/20260524_142513_im9ouk HTTP/1.1" 200 4893
[24/May/2026 11:18:55] "POST /update_game/ HTTP/1.1" 200 87
[24/May/2026 11:18:55] "POST /update_game/ HTTP/1.1" 200 63
[24/May/2026 11:18:55] "GET /game/20260524_142513_im9ouk HTTP/1.1" 200 64172
[24/May/2026 11:18:57] "GET /game_details/20260524_142513_im9ouk HTTP/1.1" 200 4590
[24/May/2026 11:19:02] "GET /game_details/20260524_142513_im9ouk HTTP/1.1" 200 4590
[24/May/2026 11:19:07] "GET /game_details/20260524_142513_im9ouk HTTP/1.1" 200 4590
[24/May/2026 11:19:12] "GET /game_details/20260524_142513_im9ouk HTTP/1.1" 200 4590
[24/May/2026 11:19:17] "GET /game_details/20260524_142513_im9ouk HTTP/1.1" 200 4590
[24/May/2026 11:19:21,486] - Broken pipe from ('223.237.164.79', 12873)
[24/May/2026 11:19:21,486] - Broken pipe from ('223.237.164.79', 43804)
[24/May/2026 11:19:22] "GET /game_details/20260524_142513_im9ouk HTTP/1.1" 200 4590
[24/May/2026 11:19:27] "GET /game_details/20260524_142513_im9ouk HTTP/1.1" 200 4590
[24/May/2026 11:19:32] "GET /game_details/20260524_142513_im9ouk HTTP/1.1" 200 4590
[24/May/2026 11:19:37] "GET /game_details/20260524_142513_im9ouk HTTP/1.1" 200 4590
[24/May/2026 11:19:42] "POST /update_game/ HTTP/1.1" 200 63
[24/May/2026 11:19:42] "GET /game/20260524_142513_im9ouk HTTP/1.1" 200 64109
[24/May/2026 11:19:42] "GET /game_details/20260524_142513_im9ouk HTTP/1.1" 200 4846
[24/May/2026 11:19:47] "GET /game_details/20260524_142513_im9ouk HTTP/1.1" 200 4846
[24/May/2026 11:19:52] "GET /game_details/20260524_142513_im9ouk HTTP/1.1" 200 4846
[24/May/2026 11:19:53] "POST /update_game/ HTTP/1.1" 200 86
[24/May/2026 11:19:53] "GET /game/20260524_142513_im9ouk HTTP/1.1" 200 64167
[24/May/2026 11:19:57] "GET /game_details/20260524_142513_im9ouk HTTP/1.1" 200 4850
[24/May/2026 11:20:02] "GET /game_details/20260524_142513_im9ouk HTTP/1.1" 200 4850
[24/May/2026 11:20:07] "GET /game_details/20260524_142513_im9ouk HTTP/1.1" 200 4850
[24/May/2026 11:20:12] "GET /game_details/20260524_142513_im9ouk HTTP/1.1" 200 4850
[24/May/2026 11:20:17] "GET /game_details/20260524_142513_im9ouk HTTP/1.1" 200 4850
[24/May/2026 11:20:22] "GET /game_details/20260524_142513_im9ouk HTTP/1.1" 200 4850
[24/May/2026 11:20:27] "GET /game_details/20260524_142513_im9ouk HTTP/1.1" 200 4850
[24/May/2026 11:20:30] "POST /update_game/ HTTP/1.1" 200 86
[24/May/2026 11:20:30] "GET /game/20260524_142513_im9ouk HTTP/1.1" 200 64224
[24/May/2026 11:20:32] "GET /game_details/20260524_142513_im9ouk HTTP/1.1" 200 4855
[24/May/2026 11:20:37] "GET /game_details/20260524_142513_im9ouk HTTP/1.1" 200 4855
[24/May/2026 11:20:42] "GET /game_details/20260524_142513_im9ouk HTTP/1.1" 200 4855
[24/May/2026 11:20:47] "GET /game_details/20260524_142513_im9ouk HTTP/1.1" 200 4855
[24/May/2026 11:20:52] "GET /game_details/20260524_142513_im9ouk HTTP/1.1" 200 4855
[24/May/2026 11:20:57] "GET /game_details/20260524_142513_im9ouk HTTP/1.1" 200 4855
[24/May/2026 11:21:02] "GET /game_details/20260524_142513_im9ouk HTTP/1.1" 200 4855
[24/May/2026 11:21:12,771] - Broken pipe from ('183.83.192.76', 23946)
[24/May/2026 11:21:13] "POST /update_game/ HTTP/1.1" 200 86
[24/May/2026 11:21:14] "GET /game/20260524_142513_im9ouk HTTP/1.1" 200 64258
[24/May/2026 11:21:34] "POST /update_game/ HTTP/1.1" 200 63
[24/May/2026 11:21:34] "GET /game/20260524_142513_im9ouk HTTP/1.1" 200 64134
[24/May/2026 11:22:17] "POST /update_game/ HTTP/1.1" 200 86
[24/May/2026 11:22:17] "GET /game/20260524_142513_im9ouk HTTP/1.1" 200 64194
[24/May/2026 11:22:30] "GET /game/20260524_142513_im9ouk HTTP/1.1" 200 68056
[24/May/2026 11:22:30] "GET /game_details/20260524_142513_im9ouk HTTP/1.1" 200 4864
[24/May/2026 11:22:35] "GET /game_details/20260524_142513_im9ouk HTTP/1.1" 200 4864
[24/May/2026 11:22:40] "GET /game_details/20260524_142513_im9ouk HTTP/1.1" 200 4864
[24/May/2026 11:22:45] "POST /update_game/ HTTP/1.1" 200 86
[24/May/2026 11:22:45] "GET /game_details/20260524_142513_im9ouk HTTP/1.1" 200 4869
[24/May/2026 11:22:45] "GET /game/20260524_142513_im9ouk HTTP/1.1" 200 64251
[24/May/2026 11:22:50] "GET /game_details/20260524_142513_im9ouk HTTP/1.1" 200 4869
[24/May/2026 11:22:55] "GET /game_details/20260524_142513_im9ouk HTTP/1.1" 200 4869
[24/May/2026 11:23:08] "GET /game_details/20260524_142513_im9ouk HTTP/1.1" 200 4869
[24/May/2026 11:23:13] "GET /game_details/20260524_142513_im9ouk HTTP/1.1" 200 4869
[24/May/2026 11:23:18] "GET /game_details/20260524_142513_im9ouk HTTP/1.1" 200 4869
[24/May/2026 11:23:23] "GET /game_details/20260524_142513_im9ouk HTTP/1.1" 200 4869
[24/May/2026 11:23:28] "GET /game_details/20260524_142513_im9ouk HTTP/1.1" 200 4869
[24/May/2026 11:23:28] "POST /update_game/ HTTP/1.1" 200 86
[24/May/2026 11:23:28] "GET /game/20260524_142513_im9ouk HTTP/1.1" 200 64308
[24/May/2026 11:23:33] "GET /game_details/20260524_142513_im9ouk HTTP/1.1" 200 4874
[24/May/2026 11:23:38] "GET /game_details/20260524_142513_im9ouk HTTP/1.1" 200 4874
[24/May/2026 11:23:43] "GET /game_details/20260524_142513_im9ouk HTTP/1.1" 200 4874
[24/May/2026 11:23:48] "GET /game_details/20260524_142513_im9ouk HTTP/1.1" 200 4874
[24/May/2026 11:23:53] "GET /game_details/20260524_142513_im9ouk HTTP/1.1" 200 4874
[24/May/2026 11:23:58] "GET /game_details/20260524_142513_im9ouk HTTP/1.1" 200 4874
[24/May/2026 11:24:03] "GET /game_details/20260524_142513_im9ouk HTTP/1.1" 200 4874
[24/May/2026 11:24:08] "GET /game_details/20260524_142513_im9ouk HTTP/1.1" 200 4874
[24/May/2026 11:24:09] "POST /update_game/ HTTP/1.1" 200 86
[24/May/2026 11:24:09] "GET /game/20260524_142513_im9ouk HTTP/1.1" 200 64365
[24/May/2026 11:24:13] "GET /game_details/20260524_142513_im9ouk HTTP/1.1" 200 4879
[24/May/2026 11:24:18,654] - Broken pipe from ('183.83.192.76', 23912)
[24/May/2026 11:24:18,654] - Broken pipe from ('183.83.192.76', 24306)
[24/May/2026 11:25:05] "POST /update_game/ HTTP/1.1" 200 87
[24/May/2026 11:25:05] "POST /update_game/ HTTP/1.1" 200 63
[24/May/2026 11:25:05] "GET /game/20260524_142513_im9ouk HTTP/1.1" 200 64029
[24/May/2026 11:25:47] "POST /update_game/ HTTP/1.1" 200 63
[24/May/2026 11:25:47] "GET /game/20260524_142513_im9ouk HTTP/1.1" 200 63968
[24/May/2026 11:25:52] "POST /update_game/ HTTP/1.1" 200 86
[24/May/2026 11:25:53] "GET /game/20260524_142513_im9ouk HTTP/1.1" 200 64004
[24/May/2026 11:25:57] "POST /update_game/ HTTP/1.1" 200 63
[24/May/2026 11:25:58] "GET /game/20260524_142513_im9ouk HTTP/1.1" 200 63882
[24/May/2026 11:26:25] "POST /update_game/ HTTP/1.1" 200 86
[24/May/2026 11:26:25] "POST /update_game/ HTTP/1.1" 200 63
[24/May/2026 11:26:25] "GET /game/20260524_142513_im9ouk HTTP/1.1" 200 63939
[24/May/2026 11:26:47] "POST /update_game/ HTTP/1.1" 200 86
[24/May/2026 11:26:47] "GET /game/20260524_142513_im9ouk HTTP/1.1" 200 63996
[24/May/2026 11:27:11] "POST /update_game/ HTTP/1.1" 200 86
[24/May/2026 11:27:12] "GET /game/20260524_142513_im9ouk HTTP/1.1" 200 64055
[24/May/2026 11:27:26] "POST /update_game/ HTTP/1.1" 200 86
[24/May/2026 11:27:26] "GET /game/20260524_142513_im9ouk HTTP/1.1" 200 64112
[24/May/2026 11:27:54] "POST /update_game/ HTTP/1.1" 200 86
[24/May/2026 11:27:54] "GET /game/20260524_142513_im9ouk HTTP/1.1" 200 64170
[24/May/2026 11:28:06] "POST /update_game/ HTTP/1.1" 200 86
[24/May/2026 11:28:07] "GET /game/20260524_142513_im9ouk HTTP/1.1" 200 64228
[24/May/2026 11:28:17] "POST /update_game/ HTTP/1.1" 200 87
[24/May/2026 11:28:17] "POST /update_game/ HTTP/1.1" 200 63
[24/May/2026 11:28:17] "GET /game/20260524_142513_im9ouk HTTP/1.1" 200 63887
[24/May/2026 11:28:49] "POST /update_game/ HTTP/1.1" 200 63
[24/May/2026 11:28:49] "GET /game/20260524_142513_im9ouk HTTP/1.1" 200 63826
[24/May/2026 11:29:08] "POST /update_game/ HTTP/1.1" 200 86
[24/May/2026 11:29:08] "GET /game/20260524_142513_im9ouk HTTP/1.1" 200 63883
[24/May/2026 11:29:33] "POST /update_game/ HTTP/1.1" 200 86
[24/May/2026 11:29:33] "GET /game/20260524_142513_im9ouk HTTP/1.1" 200 63941
[24/May/2026 11:30:32] "POST /update_game/ HTTP/1.1" 200 86
[24/May/2026 11:30:32] "GET /game/20260524_142513_im9ouk HTTP/1.1" 200 63998
[24/May/2026 11:31:18] "POST /update_game/ HTTP/1.1" 200 86
[24/May/2026 11:31:18] "GET /game/20260524_142513_im9ouk HTTP/1.1" 200 64056
[24/May/2026 11:31:22] "POST /update_game/ HTTP/1.1" 200 86
[24/May/2026 11:31:22] "GET /game/20260524_142513_im9ouk HTTP/1.1" 200 64114
[24/May/2026 11:31:31] "POST /update_game/ HTTP/1.1" 200 86
[24/May/2026 11:31:31] "GET /game/20260524_142513_im9ouk HTTP/1.1" 200 64171
[24/May/2026 11:31:38] "POST /update_game/ HTTP/1.1" 200 86
[24/May/2026 11:31:38] "GET /game/20260524_142513_im9ouk HTTP/1.1" 200 64228
[24/May/2026 11:31:51] "POST /update_game/ HTTP/1.1" 200 86
[24/May/2026 11:31:51] "POST /update_game/ HTTP/1.1" 200 63
[24/May/2026 11:31:51] "GET /game/20260524_142513_im9ouk HTTP/1.1" 200 64285
[24/May/2026 11:31:55] "POST /undo_data/ HTTP/1.1" 200 55
[24/May/2026 11:31:55] "GET /game/20260524_142513_im9ouk HTTP/1.1" 200 64228
[24/May/2026 11:31:58] "POST /update_game/ HTTP/1.1" 200 86
[24/May/2026 11:31:58] "GET /game/20260524_142513_im9ouk HTTP/1.1" 200 64285
[24/May/2026 11:32:15] "POST /update_game/ HTTP/1.1" 200 87
[24/May/2026 11:32:15] "POST /update_game/ HTTP/1.1" 200 63
[24/May/2026 11:32:15] "GET /game/20260524_142513_im9ouk HTTP/1.1" 200 63887
[24/May/2026 11:32:20] "POST /update_game/ HTTP/1.1" 200 63
[24/May/2026 11:32:20] "GET /game/20260524_142513_im9ouk HTTP/1.1" 200 63828
[24/May/2026 11:32:57] "POST /undo_data/ HTTP/1.1" 200 55
[24/May/2026 11:32:58] "GET /game/20260524_142513_im9ouk HTTP/1.1" 200 63887
[24/May/2026 11:33:01] "POST /update_game/ HTTP/1.1" 200 63
[24/May/2026 11:33:01] "GET /game/20260524_142513_im9ouk HTTP/1.1" 200 63830
[24/May/2026 11:33:10] "POST /update_game/ HTTP/1.1" 200 86
[24/May/2026 11:33:10] "GET /game/20260524_142513_im9ouk HTTP/1.1" 200 63888
[24/May/2026 11:33:23] "POST /update_game/ HTTP/1.1" 200 86
[24/May/2026 11:33:23] "GET /game/20260524_142513_im9ouk HTTP/1.1" 200 63945
[24/May/2026 11:33:51] "POST /update_game/ HTTP/1.1" 200 86
[24/May/2026 11:33:51] "GET /game/20260524_142513_im9ouk HTTP/1.1" 200 64005
[24/May/2026 11:34:23] "POST /update_game/ HTTP/1.1" 200 86
[24/May/2026 11:34:23] "GET /game/20260524_142513_im9ouk HTTP/1.1" 200 64062
[24/May/2026 11:34:53] "POST /update_game/ HTTP/1.1" 200 86
[24/May/2026 11:34:53] "GET /game/20260524_142513_im9ouk HTTP/1.1" 200 64119
[24/May/2026 11:35:37] "POST /update_game/ HTTP/1.1" 200 86
[24/May/2026 11:35:38] "GET /game/20260524_142513_im9ouk HTTP/1.1" 200 64153
[24/May/2026 11:35:50] "POST /update_game/ HTTP/1.1" 200 63
[24/May/2026 11:35:51] "GET /game/20260524_142513_im9ouk HTTP/1.1" 200 64153
[24/May/2026 11:36:05] "POST /update_game/ HTTP/1.1" 200 86
[24/May/2026 11:36:05] "GET /game/20260524_142513_im9ouk HTTP/1.1" 200 64211
[24/May/2026 11:36:48] "POST /update_game/ HTTP/1.1" 200 87
[24/May/2026 11:36:48] "GET /game/20260524_142513_im9ouk HTTP/1.1" 200 63893
[24/May/2026 11:36:58] "POST /undo_data/ HTTP/1.1" 200 55
[24/May/2026 11:36:58] "GET /game/20260524_142513_im9ouk HTTP/1.1" 200 64236
[24/May/2026 11:37:02] "POST /update_game/ HTTP/1.1" 200 87
[24/May/2026 11:37:02] "GET /game/20260524_142513_im9ouk HTTP/1.1" 200 63893
[24/May/2026 11:37:05] "POST /undo_data/ HTTP/1.1" 200 55
[24/May/2026 11:37:05] "GET /game/20260524_142513_im9ouk HTTP/1.1" 200 64236
[24/May/2026 11:37:09] "POST /update_game/ HTTP/1.1" 200 87
[24/May/2026 11:37:09] "GET /game/20260524_142513_im9ouk HTTP/1.1" 200 63893
[24/May/2026 11:37:25] "GET /game/20260524_142513_im9ouk HTTP/1.1" 200 63893
[24/May/2026 11:37:59,508] - Broken pipe from ('152.57.142.155', 40802)
[24/May/2026 11:37:59,508] - Broken pipe from ('152.57.142.155', 58478)
[24/May/2026 11:41:38,517] - Broken pipe from ('152.57.131.60', 40258)
[24/May/2026 11:41:38,518] - Broken pipe from ('152.57.131.60', 40272)
[24/May/2026 11:41:41] "GET / HTTP/1.1" 200 37382
[24/May/2026 11:51:42,987] - Broken pipe from ('152.57.130.116', 44740)
[24/May/2026 11:51:42,989] - Broken pipe from ('152.57.130.116', 44748)
[24/May/2026 11:52:10] "GET /game/20260524_142513_im9ouk HTTP/1.1" 200 68056
[24/May/2026 11:52:11] "GET /game_details/20260524_142513_im9ouk HTTP/1.1" 200 4344
[24/May/2026 11:54:37,527] - Broken pipe from ('152.57.120.54', 49954)
[24/May/2026 12:11:50,295] - Broken pipe from ('152.57.115.111', 56008)
[24/May/2026 12:11:50,302] - Broken pipe from ('152.57.115.111', 55992)
Not Found: /actuator/heapdump
[24/May/2026 12:28:00] "HEAD /actuator/heapdump HTTP/1.1" 404 0
[24/May/2026 12:44:39] "GET /players/?sort=runs HTTP/1.1" 200 73413
[24/May/2026 12:44:47] "GET /players/?sort=runs HTTP/1.1" 200 73413
[24/May/2026 12:45:07] "GET /matches/ HTTP/1.1" 200 42598
[24/May/2026 12:45:12] "GET /game/20260524_142513_im9ouk HTTP/1.1" 200 68056
[24/May/2026 12:45:12] "GET /game_details/20260524_142513_im9ouk HTTP/1.1" 200 4344
[24/May/2026 12:46:45] "GET /game/20260524_122340_R6C21N HTTP/1.1" 200 68056
[24/May/2026 12:46:45] "GET /game_details/20260524_122340_R6C21N HTTP/1.1" 200 4346
[24/May/2026 12:47:11] "GET /game/20260524_142513_im9ouk HTTP/1.1" 200 68056
[24/May/2026 12:47:11] "GET /game_details/20260524_142513_im9ouk HTTP/1.1" 200 4344
[24/May/2026 12:47:18] "GET /matches/ HTTP/1.1" 200 42598
[24/May/2026 12:47:21] "GET /game/20260524_122340_R6C21N HTTP/1.1" 200 68056
[24/May/2026 12:47:22] "GET /game_details/20260524_122340_R6C21N HTTP/1.1" 200 4346
[24/May/2026 12:47:47] "GET /players/ HTTP/1.1" 200 73413
[24/May/2026 12:48:10] "GET /players/ HTTP/1.1" 200 73413
[24/May/2026 12:48:16] "GET /players/?sort=wickets HTTP/1.1" 200 73416
[24/May/2026 12:48:23] "GET /player/Uttham HTTP/1.1" 200 66071
[24/May/2026 12:48:29] "GET /player/Keshav HTTP/1.1" 200 66059
[24/May/2026 12:48:33] "GET /player/Harsha HTTP/1.1" 200 66074
[24/May/2026 12:48:40] "GET /player/Ravi HTTP/1.1" 200 66098
[24/May/2026 12:48:45] "GET /player/Santhu HTTP/1.1" 200 66071
[24/May/2026 12:48:50] "GET /player/Amogh HTTP/1.1" 200 62471
[24/May/2026 12:48:59] "GET /player/Harsha HTTP/1.1" 200 66074
[24/May/2026 12:49:06] "GET /player/Keshav HTTP/1.1" 200 66059
[24/May/2026 12:49:10] "GET /players/?sort=economy HTTP/1.1" 200 73418
[24/May/2026 12:49:27] "GET /player/Uttham HTTP/1.1" 200 66071
[24/May/2026 12:49:34] "GET /player/Devraj HTTP/1.1" 200 58847
[24/May/2026 12:49:42] "GET /players/?sort=strike_rate HTTP/1.1" 200 73423
[24/May/2026 12:50:06] "GET /player/Keshav HTTP/1.1" 200 66059
[24/May/2026 12:50:12] "GET /player/Santhu HTTP/1.1" 200 66071
[24/May/2026 12:50:15] "GET /player/Harsha HTTP/1.1" 200 66074
[24/May/2026 12:50:20] "GET /player/Karthik HTTP/1.1" 200 66031
[24/May/2026 12:50:23] "GET /player/Abhi HTTP/1.1" 200 64249
[24/May/2026 12:50:27] "GET /player/Deepak HTTP/1.1" 200 66034
[24/May/2026 12:50:30] "GET /player/Uttham HTTP/1.1" 200 66071
[24/May/2026 12:51:10] "GET /players/?sort=runs HTTP/1.1" 200 73413
[24/May/2026 12:51:36] "GET /player/Karthik HTTP/1.1" 200 66031
[24/May/2026 12:51:44] "GET /matches/ HTTP/1.1" 200 42598
[24/May/2026 12:51:47] "GET /game/20260524_122340_R6C21N HTTP/1.1" 200 68056
[24/May/2026 12:51:47] "GET /game_details/20260524_122340_R6C21N HTTP/1.1" 200 4346
[24/May/2026 12:55:58] "GET /matches/ HTTP/1.1" 200 42604
[24/May/2026 12:56:01] "GET /game/20260524_142513_im9ouk HTTP/1.1" 200 63893
[24/May/2026 12:56:03] "GET /players/ HTTP/1.1" 200 73419
[24/May/2026 12:56:21] "GET /player/Praveer HTTP/1.1" 200 66074
[24/May/2026 12:56:42] "GET /players/?sort=wickets HTTP/1.1" 200 73422
[24/May/2026 12:56:48] "GET /player/Uttham HTTP/1.1" 200 66077
[24/May/2026 12:56:52] "GET /player/Keshav HTTP/1.1" 200 66065
[24/May/2026 12:57:13,703] - Broken pipe from ('152.57.131.127', 47090)
[24/May/2026 12:57:13,703] - Broken pipe from ('152.57.131.127', 38592)
Not Found: /favicon.ico
[24/May/2026 13:23:01] "GET /favicon.ico HTTP/1.1" 404 4232
[24/May/2026 13:23:05] "GET /players/ HTTP/1.1" 200 73419
[24/May/2026 13:24:46] "GET /players/?sort=wickets HTTP/1.1" 200 73422
[24/May/2026 13:24:59] "GET /players/?sort=runs HTTP/1.1" 200 73419
[24/May/2026 13:25:04] "GET /player/Deepak HTTP/1.1" 200 66040
[24/May/2026 13:25:10] "GET /players/?sort=economy HTTP/1.1" 200 73424
[24/May/2026 13:25:15] "GET /player/Harsha HTTP/1.1" 200 66080
[24/May/2026 13:25:20] "GET /player/Deepak HTTP/1.1" 200 66040
[24/May/2026 13:25:35] "GET /player/Deepak HTTP/1.1" 200 66040
[24/May/2026 13:25:46] "GET /players/?sort=strike_rate HTTP/1.1" 200 73429
[24/May/2026 13:25:55] "GET /player/Deepak HTTP/1.1" 200 66040
[24/May/2026 13:26:47] "GET /player/Santhu HTTP/1.1" 200 66077
[24/May/2026 13:26:53] "GET /player/Harsha HTTP/1.1" 200 66080
[24/May/2026 13:26:59] "GET /players/?sort=runs HTTP/1.1" 200 73419
[24/May/2026 13:27:03] "GET /player/Abhi HTTP/1.1" 200 64255
[24/May/2026 13:27:07] "GET /player/Ravi HTTP/1.1" 200 66104
[24/May/2026 13:27:10] "GET /player/Santhu HTTP/1.1" 200 66077
[24/May/2026 13:27:14] "GET /player/Uttham HTTP/1.1" 200 66077
[24/May/2026 13:32:16,364] - Broken pipe from ('49.37.243.42', 48323)
[24/May/2026 13:35:03,199] - Broken pipe from ('49.37.243.42', 48556)
Not Found: /favicon.ico
[24/May/2026 13:43:29] "GET /favicon.ico HTTP/1.1" 404 4232
[24/May/2026 13:43:40] "GET / HTTP/1.1" 200 37382
[24/May/2026 13:43:46] "GET /players/ HTTP/1.1" 200 73419
[24/May/2026 13:43:52] "GET /player/Abhi HTTP/1.1" 200 64255
[24/May/2026 13:43:57] "GET /player/Harsha HTTP/1.1" 200 66080
[24/May/2026 13:44:01] "GET /player/Ravi HTTP/1.1" 200 66104
[24/May/2026 13:44:06] "GET /player/Santhu HTTP/1.1" 200 66077
[24/May/2026 13:44:08] "GET /game/20260524_142513_im9ouk HTTP/1.1" 200 68056
[24/May/2026 13:44:08] "GET /game_details/20260524_142513_im9ouk HTTP/1.1" 200 4344
Not Found: /favicon.ico
[24/May/2026 13:44:08] "GET /favicon.ico HTTP/1.1" 404 4232
[24/May/2026 13:44:10] "GET /player/Uttham HTTP/1.1" 200 66077
[24/May/2026 13:44:29] "GET /player/Praveer HTTP/1.1" 200 66074
Not Found: /favicon.ico
[24/May/2026 14:01:15] "GET /favicon.ico HTTP/1.1" 404 4232
